codigo_sigtap,nome,grupo,subgrupo,forma_organizacao,competencia
0201010011,AMNIOCENTESE,Procedimentos com finalidade diagnóstica,Coleta de material,Coleta de material por meio de punção/biópsia,202606
0201010020,BIOPSIA / PUNCAO DE TUMOR SUPERFICIAL DA PELE,Procedimentos com finalidade diagnóstica,Coleta de material,Coleta de material por meio de punção/biópsia,202606
0201010038,BIOPSIA CIRURGICA DE TIREOIDE,Procedimentos com finalidade diagnóstica,Coleta de material,Coleta de material por meio de punção/biópsia,202606
0201010046,BIOPSIA DE ANUS E CANAL ANAL,Procedimentos com finalidade diagnóstica,Coleta de material,Coleta de material por meio de punção/biópsia,202606
0201010054,BIOPSIA DE BACO POR PUNCAO / ASPIRACAO,Procedimentos com finalidade diagnóstica,Coleta de material,Coleta de material por meio de punção/biópsia,202606
0201010062,BIOPSIA DE BEXIGA,Procedimentos com finalidade diagnóstica,Coleta de material,Coleta de material por meio de punção/biópsia,202606
0201010070,BIOPSIA DE BOLSA ESCROTAL,Procedimentos com finalidade diagnóstica,Coleta de material,Coleta de material por meio de punção/biópsia,202606
0201010089,BIOPSIA DE CONDUTO AUDITIVO EXTERNO,Procedimentos com finalidade diagnóstica,Coleta de material,Coleta de material por meio de punção/biópsia,202606
0201010097,BIOPSIA DE CONJUNTIVA,Procedimentos com finalidade diagnóstica,Coleta de material,Coleta de material por meio de punção/biópsia,202606
0201010100,BIOPSIA DE CORDAO ESPERMATICO (UNILATERAL),Procedimentos com finalidade diagnóstica,Coleta de material,Coleta de material por meio de punção/biópsia,202606
0201010119,BIOPSIA DE CORNEA,Procedimentos com finalidade diagnóstica,Coleta de material,Coleta de material por meio de punção/biópsia,202606
0201010127,BIOPSIA DE CORPO VERTEBRAL A CEU ABERTO,Procedimentos com finalidade diagnóstica,Coleta de material,Coleta de material por meio de punção/biópsia,202606
0201010135,BIOPSIA DE CORPO VERTEBRAL LAMINA E PEDICULO VERTEBRAL (POR DISPOSITIVO GUIADO),Procedimentos com finalidade diagnóstica,Coleta de material,Coleta de material por meio de punção/biópsia,202606
0201010143,BIOPSIA DE ENDOCARDIO / MIOCARDIO,Procedimentos com finalidade diagnóstica,Coleta de material,Coleta de material por meio de punção/biópsia,202606
0201010151,BIOPSIA DE ENDOMETRIO,Procedimentos com finalidade diagnóstica,Coleta de material,Coleta de material por meio de punção/biópsia,202606
0201010160,BIOPSIA DE ENDOMETRIO POR ASPIRACAO MANUAL INTRA-UTERINA,Procedimentos com finalidade diagnóstica,Coleta de material,Coleta de material por meio de punção/biópsia,202606
0201010178,BIOPSIA DE EPIDIDIMO,Procedimentos com finalidade diagnóstica,Coleta de material,Coleta de material por meio de punção/biópsia,202606
0201010186,BIOPSIA DE ESCLERA,Procedimentos com finalidade diagnóstica,Coleta de material,Coleta de material por meio de punção/biópsia,202606
0201010194,BIOPSIA DE FARINGE/LARINGE,Procedimentos com finalidade diagnóstica,Coleta de material,Coleta de material por meio de punção/biópsia,202606
0201010208,BIOPSIA DE FIGADO EM CUNHA / FRAGMENTO,Procedimentos com finalidade diagnóstica,Coleta de material,Coleta de material por meio de punção/biópsia,202606
0201010216,BIOPSIA DE FIGADO POR PUNCAO,Procedimentos com finalidade diagnóstica,Coleta de material,Coleta de material por meio de punção/biópsia,202606
0201010224,BIOPSIA DE GANGLIO LINFATICO,Procedimentos com finalidade diagnóstica,Coleta de material,Coleta de material por meio de punção/biópsia,202606
0201010232,BIÓPSIA DE GLÂNDULA SALIVAR,Procedimentos com finalidade diagnóstica,Coleta de material,Coleta de material por meio de punção/biópsia,202606
0201010240,"BIOPSIA DE IRIS, CORPO CILIAR, RETINA, COROIDE, VITREO E TUMOR INTRA OCULAR",Procedimentos com finalidade diagnóstica,Coleta de material,Coleta de material por meio de punção/biópsia,202606
0201010259,BIOPSIA DE LAMINA PEDICULO E PROCESSOS VERTEBRAIS (A CEU ABERTO),Procedimentos com finalidade diagnóstica,Coleta de material,Coleta de material por meio de punção/biópsia,202606
0201010267,BIOPSIA DE LESAO DE PARTES MOLES (POR AGULHA / CEU ABERTO),Procedimentos com finalidade diagnóstica,Coleta de material,Coleta de material por meio de punção/biópsia,202606
0201010275,BIOPSIA DE MEDULA OSSEA,Procedimentos com finalidade diagnóstica,Coleta de material,Coleta de material por meio de punção/biópsia,202606
0201010283,BIOPSIA DE MUSCULO (A CEU ABERTO),Procedimentos com finalidade diagnóstica,Coleta de material,Coleta de material por meio de punção/biópsia,202606
0201010291,BIOPSIA DE NERVO,Procedimentos com finalidade diagnóstica,Coleta de material,Coleta de material por meio de punção/biópsia,202606
0201010305,BIOPSIA DE OSSO / CARTILAGEM DA CINTURA ESCAPULAR (POR AGULHA / CEU ABERTO),Procedimentos com finalidade diagnóstica,Coleta de material,Coleta de material por meio de punção/biópsia,202606
0201010313,BIOPSIA DE OSSO / CARTILAGEM DA CINTURA PELVICA (POR AGULHA / CEU ABERTO),Procedimentos com finalidade diagnóstica,Coleta de material,Coleta de material por meio de punção/biópsia,202606
0201010321,BIOPSIA DE OSSO / CARTILAGEM DE MEMBRO INFERIOR (POR AGULHA / CEU ABERTO),Procedimentos com finalidade diagnóstica,Coleta de material,Coleta de material por meio de punção/biópsia,202606
0201010330,BIOPSIA DE OSSO / CARTILAGEM DE MEMBRO SUPERIOR (POR AGULHA / CEU ABERTO),Procedimentos com finalidade diagnóstica,Coleta de material,Coleta de material por meio de punção/biópsia,202606
0201010348,BIÓPSIA DE OSSO DO CRÂNIO E DA FACE,Procedimentos com finalidade diagnóstica,Coleta de material,Coleta de material por meio de punção/biópsia,202606
0201010356,BIOPSIA DE PALPEBRA,Procedimentos com finalidade diagnóstica,Coleta de material,Coleta de material por meio de punção/biópsia,202606
0201010364,BIOPSIA DE PAVILHAO AURICULAR,Procedimentos com finalidade diagnóstica,Coleta de material,Coleta de material por meio de punção/biópsia,202606
0201010372,BIOPSIA DE PELE E PARTES MOLES,Procedimentos com finalidade diagnóstica,Coleta de material,Coleta de material por meio de punção/biópsia,202606
0201010380,BIOPSIA DE PENIS,Procedimentos com finalidade diagnóstica,Coleta de material,Coleta de material por meio de punção/biópsia,202606
0201010399,BIOPSIA DE PIRAMIDE NASAL,Procedimentos com finalidade diagnóstica,Coleta de material,Coleta de material por meio de punção/biópsia,202606
0201010402,BIOPSIA DE PLEURA (POR ASPIRAÇÃO/AGULHA / PLEUROSCOPIA),Procedimentos com finalidade diagnóstica,Coleta de material,Coleta de material por meio de punção/biópsia,202606
0201010410,BIÓPSIA DE PRÓSTATA,Procedimentos com finalidade diagnóstica,Coleta de material,Coleta de material por meio de punção/biópsia,202606
0201010429,BIOPSIA DE PULMAO POR ASPIRACAO,Procedimentos com finalidade diagnóstica,Coleta de material,Coleta de material por meio de punção/biópsia,202606
0201010437,BIOPSIA DE RIM POR PUNCAO,Procedimentos com finalidade diagnóstica,Coleta de material,Coleta de material por meio de punção/biópsia,202606
0201010445,BIOPSIA DE SEIO PARANASAL,Procedimentos com finalidade diagnóstica,Coleta de material,Coleta de material por meio de punção/biópsia,202606
0201010453,BIOPSIA DE SINÓVIA,Procedimentos com finalidade diagnóstica,Coleta de material,Coleta de material por meio de punção/biópsia,202606
0201010461,BIOPSIA DE TESTICULO,Procedimentos com finalidade diagnóstica,Coleta de material,Coleta de material por meio de punção/biópsia,202606
0201010470,BIOPSIA DE TIREOIDE OU PARATIREOIDE - PAAF,Procedimentos com finalidade diagnóstica,Coleta de material,Coleta de material por meio de punção/biópsia,202606
0201010488,BIOPSIA DE URETER,Procedimentos com finalidade diagnóstica,Coleta de material,Coleta de material por meio de punção/biópsia,202606
0201010496,BIOPSIA DE URETRA,Procedimentos com finalidade diagnóstica,Coleta de material,Coleta de material por meio de punção/biópsia,202606
0201010500,BIOPSIA/PUNÇÃO DE VAGINA,Procedimentos com finalidade diagnóstica,Coleta de material,Coleta de material por meio de punção/biópsia,202606
0201010518,BIOPSIA/PUNÇÃO DE VULVA,Procedimentos com finalidade diagnóstica,Coleta de material,Coleta de material por meio de punção/biópsia,202606
0201010526,BIÓPSIA DOS TECIDOS MOLES DA BOCA,Procedimentos com finalidade diagnóstica,Coleta de material,Coleta de material por meio de punção/biópsia,202606
0201010534,BIOPSIA ESTEREOTAXICA,Procedimentos com finalidade diagnóstica,Coleta de material,Coleta de material por meio de punção/biópsia,202606
0201010542,BIOPSIA PERCUTÂNEA ORIENTADA POR TOMOGRAFIA COMPUTADORIZADA / ULTRASSONOGRAFIA / RESSONÂNCIA MAGNÉTICA / RAIO X,Procedimentos com finalidade diagnóstica,Coleta de material,Coleta de material por meio de punção/biópsia,202606
0201010550,BIOPSIA PRÉ-ESCALÊNICA,Procedimentos com finalidade diagnóstica,Coleta de material,Coleta de material por meio de punção/biópsia,202606
0201010569,BIOPSIA/EXERESE DE NÓDULO DE MAMA,Procedimentos com finalidade diagnóstica,Coleta de material,Coleta de material por meio de punção/biópsia,202606
0201010585,PUNÇÃO ASPIRATIVA DE MAMA POR AGULHA FINA,Procedimentos com finalidade diagnóstica,Coleta de material,Coleta de material por meio de punção/biópsia,202606
0201010593,PUNÇÃO DE CISTERNA SUB-OCCIPITAL,Procedimentos com finalidade diagnóstica,Coleta de material,Coleta de material por meio de punção/biópsia,202606
0201010607,PUNÇÃO DE MAMA POR AGULHA GROSSA,Procedimentos com finalidade diagnóstica,Coleta de material,Coleta de material por meio de punção/biópsia,202606
0201010615,PUNÇÃO DE VAGINA,Procedimentos com finalidade diagnóstica,Coleta de material,Coleta de material por meio de punção/biópsia,202606
0201010623,PUNÇÃO EXPLORADORA DO DEFERENTE,Procedimentos com finalidade diagnóstica,Coleta de material,Coleta de material por meio de punção/biópsia,202606
0201010631,PUNÇÃO LOMBAR,Procedimentos com finalidade diagnóstica,Coleta de material,Coleta de material por meio de punção/biópsia,202606
0201010640,PUNÇÃO P/ ESVAZIAMENTO,Procedimentos com finalidade diagnóstica,Coleta de material,Coleta de material por meio de punção/biópsia,202606
0201010658,PUNÇÃO VENTRICULAR TRANSFONTANELA,Procedimentos com finalidade diagnóstica,Coleta de material,Coleta de material por meio de punção/biópsia,202606
0201010666,BIOPSIA DO COLO UTERINO,Procedimentos com finalidade diagnóstica,Coleta de material,Coleta de material por meio de punção/biópsia,202606
0201020017,COLETA DE LAVADO BRONCO-ALVEOLAR,Procedimentos com finalidade diagnóstica,Coleta de material,Outras formas de coleta de material,202606
0201020025,COLETA DE LINFA PARA PESQUISA DE M. LEPRAE,Procedimentos com finalidade diagnóstica,Coleta de material,Outras formas de coleta de material,202606
0201020033,COLETA DE MATERIAL DO COLO DE ÚTERO PARA EXAME CITOPATOLÓGICO,Procedimentos com finalidade diagnóstica,Coleta de material,Outras formas de coleta de material,202606
0201020041,COLETA DE MATERIAL PARA EXAME LABORATORIAL,Procedimentos com finalidade diagnóstica,Coleta de material,Outras formas de coleta de material,202606
0201020050,COLETA DE SANGUE PARA TRIAGEM NEONATAL,Procedimentos com finalidade diagnóstica,Coleta de material,Outras formas de coleta de material,202606
0201020068,TIPIFICAÇÃO DO ALELO HLA-B,Procedimentos com finalidade diagnóstica,Coleta de material,Outras formas de coleta de material,202606
0201020076,COLETA DE MATERIAL DO COLO DO ÚTERO PARA EXAME MOLECULAR DE DETECÇÂO DE HPV,Procedimentos com finalidade diagnóstica,Coleta de material,Outras formas de coleta de material,202606
0201020084,"ENTREGA DE MATERIAL OBTIDO POR AUTO COLETA PARA EXAME MOLECULAR PARA DETECÇÃO DE HPV, NO COLO DO ÚTERO.",Procedimentos com finalidade diagnóstica,Coleta de material,Outras formas de coleta de material,202606
0202010015,CLEARANCE OSMOLAR,Procedimentos com finalidade diagnóstica,Diagnóstico em laboratório clínico,Exames bioquimicos,202606
0202010023,DETERMINACAO DE CAPACIDADE DE FIXACAO DO FERRO,Procedimentos com finalidade diagnóstica,Diagnóstico em laboratório clínico,Exames bioquimicos,202606
0202010031,DETERMINACAO DE CROMATOGRAFIA DE AMINOACIDOS,Procedimentos com finalidade diagnóstica,Diagnóstico em laboratório clínico,Exames bioquimicos,202606
0202010040,DETERMINACAO DE CURVA GLICEMICA (2 DOSAGENS),Procedimentos com finalidade diagnóstica,Diagnóstico em laboratório clínico,Exames bioquimicos,202606
0202010058,DETERMINAÇÃO DE CURVA GLICÊMICA C/ INDUÇÃO POR CORTISONA ( 5 DOSAGENS),Procedimentos com finalidade diagnóstica,Diagnóstico em laboratório clínico,Exames bioquimicos,202606
0202010066,DETERMINAÇÃO DE CURVA GLICÊMICA C/ INDUÇÃO POR CORTISONA (4 DOSAGENS),Procedimentos com finalidade diagnóstica,Diagnóstico em laboratório clínico,Exames bioquimicos,202606
0202010074,DETERMINACAO DE CURVA GLICEMICA CLASSICA (5 DOSAGENS),Procedimentos com finalidade diagnóstica,Diagnóstico em laboratório clínico,Exames bioquimicos,202606
0202010082,DETERMINAÇÃO DE OSMOLARIDADE,Procedimentos com finalidade diagnóstica,Diagnóstico em laboratório clínico,Exames bioquimicos,202606
0202010090,DOSAGEM DE 5-NUCLEOTIDASE,Procedimentos com finalidade diagnóstica,Diagnóstico em laboratório clínico,Exames bioquimicos,202606
0202010104,DOSAGEM DE ACETONA,Procedimentos com finalidade diagnóstica,Diagnóstico em laboratório clínico,Exames bioquimicos,202606
0202010112,DOSAGEM DE ACIDO ASCORBICO,Procedimentos com finalidade diagnóstica,Diagnóstico em laboratório clínico,Exames bioquimicos,202606
0202010120,DOSAGEM DE ACIDO URICO,Procedimentos com finalidade diagnóstica,Diagnóstico em laboratório clínico,Exames bioquimicos,202606
0202010139,DOSAGEM DE ACIDO VANILMANDELICO,Procedimentos com finalidade diagnóstica,Diagnóstico em laboratório clínico,Exames bioquimicos,202606
0202010147,DOSAGEM DE ALDOLASE,Procedimentos com finalidade diagnóstica,Diagnóstico em laboratório clínico,Exames bioquimicos,202606
0202010155,DOSAGEM DE ALFA-1-ANTITRIPSINA,Procedimentos com finalidade diagnóstica,Diagnóstico em laboratório clínico,Exames bioquimicos,202606
0202010163,DOSAGEM DE ALFA-1-GLICOPROTEINA ACIDA,Procedimentos com finalidade diagnóstica,Diagnóstico em laboratório clínico,Exames bioquimicos,202606
0202010171,DOSAGEM DE ALFA-2-MACROGLOBULINA,Procedimentos com finalidade diagnóstica,Diagnóstico em laboratório clínico,Exames bioquimicos,202606
0202010180,DOSAGEM DE AMILASE,Procedimentos com finalidade diagnóstica,Diagnóstico em laboratório clínico,Exames bioquimicos,202606
0202010198,DOSAGEM DE AMONIA,Procedimentos com finalidade diagnóstica,Diagnóstico em laboratório clínico,Exames bioquimicos,202606
0202010201,DOSAGEM DE BILIRRUBINA TOTAL E FRACOES,Procedimentos com finalidade diagnóstica,Diagnóstico em laboratório clínico,Exames bioquimicos,202606
0202010210,DOSAGEM DE CALCIO,Procedimentos com finalidade diagnóstica,Diagnóstico em laboratório clínico,Exames bioquimicos,202606
0202010228,DOSAGEM DE CALCIO IONIZAVEL,Procedimentos com finalidade diagnóstica,Diagnóstico em laboratório clínico,Exames bioquimicos,202606
0202010236,DOSAGEM DE CAROTENO,Procedimentos com finalidade diagnóstica,Diagnóstico em laboratório clínico,Exames bioquimicos,202606
0202010244,DOSAGEM DE CATECOLAMINAS,Procedimentos com finalidade diagnóstica,Diagnóstico em laboratório clínico,Exames bioquimicos,202606
0202010252,DOSAGEM DE CERULOPLASMINA,Procedimentos com finalidade diagnóstica,Diagnóstico em laboratório clínico,Exames bioquimicos,202606
0202010260,DOSAGEM DE CLORETO,Procedimentos com finalidade diagnóstica,Diagnóstico em laboratório clínico,Exames bioquimicos,202606
0202010279,DOSAGEM DE COLESTEROL HDL,Procedimentos com finalidade diagnóstica,Diagnóstico em laboratório clínico,Exames bioquimicos,202606
0202010287,DOSAGEM DE COLESTEROL LDL,Procedimentos com finalidade diagnóstica,Diagnóstico em laboratório clínico,Exames bioquimicos,202606
0202010295,DOSAGEM DE COLESTEROL TOTAL,Procedimentos com finalidade diagnóstica,Diagnóstico em laboratório clínico,Exames bioquimicos,202606
0202010309,DOSAGEM DE COLINESTERASE,Procedimentos com finalidade diagnóstica,Diagnóstico em laboratório clínico,Exames bioquimicos,202606
0202010317,DOSAGEM DE CREATININA,Procedimentos com finalidade diagnóstica,Diagnóstico em laboratório clínico,Exames bioquimicos,202606
0202010325,DOSAGEM DE CREATINOFOSFOQUINASE (CPK),Procedimentos com finalidade diagnóstica,Diagnóstico em laboratório clínico,Exames bioquimicos,202606
0202010333,DOSAGEM DE CREATINOFOSFOQUINASE FRACAO MB,Procedimentos com finalidade diagnóstica,Diagnóstico em laboratório clínico,Exames bioquimicos,202606
0202010341,DOSAGEM DE DESIDROGENASE ALFA-HIDROXIBUTIRICA,Procedimentos com finalidade diagnóstica,Diagnóstico em laboratório clínico,Exames bioquimicos,202606
0202010350,DOSAGEM DE DESIDROGENASE GLUTAMICA,Procedimentos com finalidade diagnóstica,Diagnóstico em laboratório clínico,Exames bioquimicos,202606
0202010368,DOSAGEM DE DESIDROGENASE LATICA,Procedimentos com finalidade diagnóstica,Diagnóstico em laboratório clínico,Exames bioquimicos,202606
0202010376,DOSAGEM DE DESIDROGENASE LATICA (ISOENZIMAS FRACIONADAS),Procedimentos com finalidade diagnóstica,Diagnóstico em laboratório clínico,Exames bioquimicos,202606
0202010384,DOSAGEM DE FERRITINA,Procedimentos com finalidade diagnóstica,Diagnóstico em laboratório clínico,Exames bioquimicos,202606
0202010392,DOSAGEM DE FERRO SERICO,Procedimentos com finalidade diagnóstica,Diagnóstico em laboratório clínico,Exames bioquimicos,202606
0202010406,DOSAGEM DE FOLATO,Procedimentos com finalidade diagnóstica,Diagnóstico em laboratório clínico,Exames bioquimicos,202606
0202010414,DOSAGEM DE FOSFATASE ACIDA TOTAL,Procedimentos com finalidade diagnóstica,Diagnóstico em laboratório clínico,Exames bioquimicos,202606
0202010422,DOSAGEM DE FOSFATASE ALCALINA,Procedimentos com finalidade diagnóstica,Diagnóstico em laboratório clínico,Exames bioquimicos,202606
0202010430,DOSAGEM DE FOSFORO,Procedimentos com finalidade diagnóstica,Diagnóstico em laboratório clínico,Exames bioquimicos,202606
0202010449,DOSAGEM DE FRACAO PROSTATICA DA FOSFATASE ACIDA,Procedimentos com finalidade diagnóstica,Diagnóstico em laboratório clínico,Exames bioquimicos,202606
0202010457,DOSAGEM DE GALACTOSE,Procedimentos com finalidade diagnóstica,Diagnóstico em laboratório clínico,Exames bioquimicos,202606
0202010465,DOSAGEM DE GAMA-GLUTAMIL-TRANSFERASE (GAMA GT),Procedimentos com finalidade diagnóstica,Diagnóstico em laboratório clínico,Exames bioquimicos,202606
0202010473,DOSAGEM DE GLICOSE,Procedimentos com finalidade diagnóstica,Diagnóstico em laboratório clínico,Exames bioquimicos,202606
0202010481,DOSAGEM DE GLICOSE-6-FOSFATO DESIDROGENASE,Procedimentos com finalidade diagnóstica,Diagnóstico em laboratório clínico,Exames bioquimicos,202606
0202010490,DOSAGEM DE HAPTOGLOBINA,Procedimentos com finalidade diagnóstica,Diagnóstico em laboratório clínico,Exames bioquimicos,202606
0202010503,DOSAGEM DE HEMOGLOBINA GLICOSILADA,Procedimentos com finalidade diagnóstica,Diagnóstico em laboratório clínico,Exames bioquimicos,202606
0202010511,DOSAGEM DE HIDROXIPROLINA,Procedimentos com finalidade diagnóstica,Diagnóstico em laboratório clínico,Exames bioquimicos,202606
0202010520,DOSAGEM DE ISOMERASE-FOSFOHEXOSE,Procedimentos com finalidade diagnóstica,Diagnóstico em laboratório clínico,Exames bioquimicos,202606
0202010538,DOSAGEM DE LACTATO,Procedimentos com finalidade diagnóstica,Diagnóstico em laboratório clínico,Exames bioquimicos,202606
0202010546,DOSAGEM DE LEUCINO-AMINOPEPTIDASE,Procedimentos com finalidade diagnóstica,Diagnóstico em laboratório clínico,Exames bioquimicos,202606
0202010554,DOSAGEM DE LIPASE,Procedimentos com finalidade diagnóstica,Diagnóstico em laboratório clínico,Exames bioquimicos,202606
0202010562,DOSAGEM DE MAGNESIO,Procedimentos com finalidade diagnóstica,Diagnóstico em laboratório clínico,Exames bioquimicos,202606
0202010570,DOSAGEM DE MUCO-PROTEINAS,Procedimentos com finalidade diagnóstica,Diagnóstico em laboratório clínico,Exames bioquimicos,202606
0202010589,DOSAGEM DE PIRUVATO,Procedimentos com finalidade diagnóstica,Diagnóstico em laboratório clínico,Exames bioquimicos,202606
0202010597,DOSAGEM DE PORFIRINAS,Procedimentos com finalidade diagnóstica,Diagnóstico em laboratório clínico,Exames bioquimicos,202606
0202010600,DOSAGEM DE POTASSIO,Procedimentos com finalidade diagnóstica,Diagnóstico em laboratório clínico,Exames bioquimicos,202606
0202010619,DOSAGEM DE PROTEINAS TOTAIS,Procedimentos com finalidade diagnóstica,Diagnóstico em laboratório clínico,Exames bioquimicos,202606
0202010627,DOSAGEM DE PROTEINAS TOTAIS E FRACOES,Procedimentos com finalidade diagnóstica,Diagnóstico em laboratório clínico,Exames bioquimicos,202606
0202010635,DOSAGEM DE SODIO,Procedimentos com finalidade diagnóstica,Diagnóstico em laboratório clínico,Exames bioquimicos,202606
0202010643,DOSAGEM DE TRANSAMINASE GLUTAMICO-OXALACETICA (TGO),Procedimentos com finalidade diagnóstica,Diagnóstico em laboratório clínico,Exames bioquimicos,202606
0202010651,DOSAGEM DE TRANSAMINASE GLUTAMICO-PIRUVICA (TGP),Procedimentos com finalidade diagnóstica,Diagnóstico em laboratório clínico,Exames bioquimicos,202606
0202010660,DOSAGEM DE TRANSFERRINA,Procedimentos com finalidade diagnóstica,Diagnóstico em laboratório clínico,Exames bioquimicos,202606
0202010678,DOSAGEM DE TRIGLICERIDEOS,Procedimentos com finalidade diagnóstica,Diagnóstico em laboratório clínico,Exames bioquimicos,202606
0202010686,DOSAGEM DE TRIPTOFANO,Procedimentos com finalidade diagnóstica,Diagnóstico em laboratório clínico,Exames bioquimicos,202606
0202010694,DOSAGEM DE UREIA,Procedimentos com finalidade diagnóstica,Diagnóstico em laboratório clínico,Exames bioquimicos,202606
0202010708,DOSAGEM DE VITAMINA B12,Procedimentos com finalidade diagnóstica,Diagnóstico em laboratório clínico,Exames bioquimicos,202606
0202010716,ELETROFORESE DE LIPOPROTEINAS,Procedimentos com finalidade diagnóstica,Diagnóstico em laboratório clínico,Exames bioquimicos,202606
0202010724,ELETROFORESE DE PROTEINAS,Procedimentos com finalidade diagnóstica,Diagnóstico em laboratório clínico,Exames bioquimicos,202606
0202010732,GASOMETRIA (PH PCO2 PO2 BICARBONATO AS2 (EXCESSO OU DEFICIT BASE ),Procedimentos com finalidade diagnóstica,Diagnóstico em laboratório clínico,Exames bioquimicos,202606
0202010740,PROVA DA D-XILOSE,Procedimentos com finalidade diagnóstica,Diagnóstico em laboratório clínico,Exames bioquimicos,202606
0202010759,TESTE DE TOLERÂNCIA A INSULINA / HIPOGLICEMIANTES ORAIS,Procedimentos com finalidade diagnóstica,Diagnóstico em laboratório clínico,Exames bioquimicos,202606
0202010767,DOSAGEM DE 25 HIDROXIVITAMINA D,Procedimentos com finalidade diagnóstica,Diagnóstico em laboratório clínico,Exames bioquimicos,202606
0202010775,DETERMINAÇÃO DE CREMATÓCRITO NO LEITE HUMANO ORDENHADO,Procedimentos com finalidade diagnóstica,Diagnóstico em laboratório clínico,Exames bioquimicos,202606
0202010783,ACIDEZ TITULÁVEL NO LEITE HUMANO (DORNIC),Procedimentos com finalidade diagnóstica,Diagnóstico em laboratório clínico,Exames bioquimicos,202606
0202010791,DOSAGEM DE PEPTÍDEOS NATRIURÉTICOS TIPO B (BNP E NT-PROBNP),Procedimentos com finalidade diagnóstica,Diagnóstico em laboratório clínico,Exames bioquimicos,202606
0202020010,CITOQUIMICA HEMATOLOGICA,Procedimentos com finalidade diagnóstica,Diagnóstico em laboratório clínico,Exames hematológicos e hemostasia,202606
0202020029,CONTAGEM DE PLAQUETAS,Procedimentos com finalidade diagnóstica,Diagnóstico em laboratório clínico,Exames hematológicos e hemostasia,202606
0202020037,CONTAGEM DE RETICULOCITOS,Procedimentos com finalidade diagnóstica,Diagnóstico em laboratório clínico,Exames hematológicos e hemostasia,202606
0202020045,DETERMINAÇÃO DE CURVA DE RESISTÊNCIA GLOBULAR,Procedimentos com finalidade diagnóstica,Diagnóstico em laboratório clínico,Exames hematológicos e hemostasia,202606
0202020053,DETERMINAÇÃO DE ENZIMAS ERITROCITÁRIAS (CADA),Procedimentos com finalidade diagnóstica,Diagnóstico em laboratório clínico,Exames hematológicos e hemostasia,202606
0202020061,DETERMINAÇÃO DE SULFO-HEMOGLOBINA,Procedimentos com finalidade diagnóstica,Diagnóstico em laboratório clínico,Exames hematológicos e hemostasia,202606
0202020070,DETERMINAÇÃO DE TEMPO DE COAGULAÇÃO,Procedimentos com finalidade diagnóstica,Diagnóstico em laboratório clínico,Exames hematológicos e hemostasia,202606
0202020088,DETERMINAÇÃO DE TEMPO DE LISE DA EUGLOBULINA,Procedimentos com finalidade diagnóstica,Diagnóstico em laboratório clínico,Exames hematológicos e hemostasia,202606
0202020096,DETERMINAÇÃO DE TEMPO DE SANGRAMENTO -DUKE,Procedimentos com finalidade diagnóstica,Diagnóstico em laboratório clínico,Exames hematológicos e hemostasia,202606
0202020100,DETERMINAÇÃO DE TEMPO DE SANGRAMENTO DE IVY,Procedimentos com finalidade diagnóstica,Diagnóstico em laboratório clínico,Exames hematológicos e hemostasia,202606
0202020118,DETERMINAÇÃO DE TEMPO DE SOBREVIDA DE HEMÁCIAS,Procedimentos com finalidade diagnóstica,Diagnóstico em laboratório clínico,Exames hematológicos e hemostasia,202606
0202020126,DETERMINAÇÃO DE TEMPO DE TROMBINA,Procedimentos com finalidade diagnóstica,Diagnóstico em laboratório clínico,Exames hematológicos e hemostasia,202606
0202020134,DETERMINAÇÃO DE TEMPO DE TROMBOPLASTINA PARCIAL ATIVADA (TTP ATIVADA),Procedimentos com finalidade diagnóstica,Diagnóstico em laboratório clínico,Exames hematológicos e hemostasia,202606
0202020142,DETERMINAÇÃO DE TEMPO E ATIVIDADE DA PROTROMBINA (TAP),Procedimentos com finalidade diagnóstica,Diagnóstico em laboratório clínico,Exames hematológicos e hemostasia,202606
0202020150,DETERMINAÇÃO DE VELOCIDADE DE HEMOSSEDIMENTAÇÃO (VHS),Procedimentos com finalidade diagnóstica,Diagnóstico em laboratório clínico,Exames hematológicos e hemostasia,202606
0202020169,DOSAGEM DE ANTICOAGULANTE CIRCULANTE,Procedimentos com finalidade diagnóstica,Diagnóstico em laboratório clínico,Exames hematológicos e hemostasia,202606
0202020177,DOSAGEM DE ANTITROMBINA III,Procedimentos com finalidade diagnóstica,Diagnóstico em laboratório clínico,Exames hematológicos e hemostasia,202606
0202020185,DOSAGEM DE FATOR II,Procedimentos com finalidade diagnóstica,Diagnóstico em laboratório clínico,Exames hematológicos e hemostasia,202606
0202020193,DOSAGEM DE FATOR IX,Procedimentos com finalidade diagnóstica,Diagnóstico em laboratório clínico,Exames hematológicos e hemostasia,202606
0202020207,DOSAGEM DE FATOR V,Procedimentos com finalidade diagnóstica,Diagnóstico em laboratório clínico,Exames hematológicos e hemostasia,202606
0202020215,DOSAGEM DE FATOR VII,Procedimentos com finalidade diagnóstica,Diagnóstico em laboratório clínico,Exames hematológicos e hemostasia,202606
0202020223,DOSAGEM DE FATOR VIII,Procedimentos com finalidade diagnóstica,Diagnóstico em laboratório clínico,Exames hematológicos e hemostasia,202606
0202020231,DOSAGEM DE FATOR VIII (INIBIDOR),Procedimentos com finalidade diagnóstica,Diagnóstico em laboratório clínico,Exames hematológicos e hemostasia,202606
0202020240,DOSAGEM DE FATOR VON WILLEBRAND (ANTIGENO),Procedimentos com finalidade diagnóstica,Diagnóstico em laboratório clínico,Exames hematológicos e hemostasia,202606
0202020258,DOSAGEM DE FATOR X,Procedimentos com finalidade diagnóstica,Diagnóstico em laboratório clínico,Exames hematológicos e hemostasia,202606
0202020266,DOSAGEM DE FATOR XI,Procedimentos com finalidade diagnóstica,Diagnóstico em laboratório clínico,Exames hematológicos e hemostasia,202606
0202020274,DOSAGEM DE FATOR XII,Procedimentos com finalidade diagnóstica,Diagnóstico em laboratório clínico,Exames hematológicos e hemostasia,202606
0202020282,DOSAGEM DE FATOR XIII,Procedimentos com finalidade diagnóstica,Diagnóstico em laboratório clínico,Exames hematológicos e hemostasia,202606
0202020290,DOSAGEM DE FIBRINOGENIO,Procedimentos com finalidade diagnóstica,Diagnóstico em laboratório clínico,Exames hematológicos e hemostasia,202606
0202020304,DOSAGEM DE HEMOGLOBINA,Procedimentos com finalidade diagnóstica,Diagnóstico em laboratório clínico,Exames hematológicos e hemostasia,202606
0202020312,DOSAGEM DE HEMOGLOBINA - INSTABILIDADE A 37OC,Procedimentos com finalidade diagnóstica,Diagnóstico em laboratório clínico,Exames hematológicos e hemostasia,202606
0202020320,DOSAGEM DE HEMOGLOBINA FETAL,Procedimentos com finalidade diagnóstica,Diagnóstico em laboratório clínico,Exames hematológicos e hemostasia,202606
0202020339,DOSAGEM DE HEMOSSIDERINA,Procedimentos com finalidade diagnóstica,Diagnóstico em laboratório clínico,Exames hematológicos e hemostasia,202606
0202020347,DOSAGEM DE PLASMINOGENIO,Procedimentos com finalidade diagnóstica,Diagnóstico em laboratório clínico,Exames hematológicos e hemostasia,202606
0202020355,ELETROFORESE DE HEMOGLOBINA,Procedimentos com finalidade diagnóstica,Diagnóstico em laboratório clínico,Exames hematológicos e hemostasia,202606
0202020363,"ERITROGRAMA (ERITROCITOS, HEMOGLOBINA, HEMATOCRITO)",Procedimentos com finalidade diagnóstica,Diagnóstico em laboratório clínico,Exames hematológicos e hemostasia,202606
0202020371,HEMATOCRITO,Procedimentos com finalidade diagnóstica,Diagnóstico em laboratório clínico,Exames hematológicos e hemostasia,202606
0202020380,HEMOGRAMA COMPLETO,Procedimentos com finalidade diagnóstica,Diagnóstico em laboratório clínico,Exames hematológicos e hemostasia,202606
0202020398,LEUCOGRAMA,Procedimentos com finalidade diagnóstica,Diagnóstico em laboratório clínico,Exames hematológicos e hemostasia,202606
0202020401,PESQUISA DE ATIVIDADE DO COFATOR DE RISTOCETINA,Procedimentos com finalidade diagnóstica,Diagnóstico em laboratório clínico,Exames hematológicos e hemostasia,202606
0202020410,PESQUISA DE CELULAS LE,Procedimentos com finalidade diagnóstica,Diagnóstico em laboratório clínico,Exames hematológicos e hemostasia,202606
0202020428,PESQUISA DE CORPUSCULOS DE HEINZ,Procedimentos com finalidade diagnóstica,Diagnóstico em laboratório clínico,Exames hematológicos e hemostasia,202606
0202020436,PESQUISA DE FILARIA,Procedimentos com finalidade diagnóstica,Diagnóstico em laboratório clínico,Exames hematológicos e hemostasia,202606
0202020444,PESQUISA DE HEMOGLOBINA S,Procedimentos com finalidade diagnóstica,Diagnóstico em laboratório clínico,Exames hematológicos e hemostasia,202606
0202020452,PESQUISA DE PLASMODIOS POR GOTA ESPESSA E ESFREGAÇO,Procedimentos com finalidade diagnóstica,Diagnóstico em laboratório clínico,Exames hematológicos e hemostasia,202606
0202020460,PESQUISA DE TRIPANOSSOMA,Procedimentos com finalidade diagnóstica,Diagnóstico em laboratório clínico,Exames hematológicos e hemostasia,202606
0202020479,"PROVA DE COMPATIBILIDADE PRE-TRANSFUSIONAL (MEIOS SALINOS, ALBUMINOSO E COOMBS)",Procedimentos com finalidade diagnóstica,Diagnóstico em laboratório clínico,Exames hematológicos e hemostasia,202606
0202020487,PROVA DE CONSUMO DE PROTROMBINA,Procedimentos com finalidade diagnóstica,Diagnóstico em laboratório clínico,Exames hematológicos e hemostasia,202606
0202020495,PROVA DE RETRACAO DO COAGULO,Procedimentos com finalidade diagnóstica,Diagnóstico em laboratório clínico,Exames hematológicos e hemostasia,202606
0202020509,PROVA DO LACO,Procedimentos com finalidade diagnóstica,Diagnóstico em laboratório clínico,Exames hematológicos e hemostasia,202606
0202020517,RASTREIO P/ DEFICIENCIA DE ENZIMAS ERITROCITARIAS,Procedimentos com finalidade diagnóstica,Diagnóstico em laboratório clínico,Exames hematológicos e hemostasia,202606
0202020525,TESTE DE AGREGACAO DE PLAQUETAS,Procedimentos com finalidade diagnóstica,Diagnóstico em laboratório clínico,Exames hematológicos e hemostasia,202606
0202020533,TESTE DE HAM (HEMOLISE ACIDA),Procedimentos com finalidade diagnóstica,Diagnóstico em laboratório clínico,Exames hematológicos e hemostasia,202606
0202020541,TESTE DIRETO DE ANTIGLOBULINA HUMANA (TAD),Procedimentos com finalidade diagnóstica,Diagnóstico em laboratório clínico,Exames hematológicos e hemostasia,202606
0202020550,DOSAGEM DE PROTEINA C FUNCIONAL,Procedimentos com finalidade diagnóstica,Diagnóstico em laboratório clínico,Exames hematológicos e hemostasia,202606
0202020568,DOSAGEM DE PROTEINA S FUNCIONAL,Procedimentos com finalidade diagnóstica,Diagnóstico em laboratório clínico,Exames hematológicos e hemostasia,202606
0202020576,PESQUISA DE ANTICOAGULANTE LÚPICO,Procedimentos com finalidade diagnóstica,Diagnóstico em laboratório clínico,Exames hematológicos e hemostasia,202606
0202030016,CONTAGEM DE LINFOCITOS B,Procedimentos com finalidade diagnóstica,Diagnóstico em laboratório clínico,Exames sorológicos e imunológicos,202606
0202030024,CONTAGEM DE LINFOCITOS CD4/CD8,Procedimentos com finalidade diagnóstica,Diagnóstico em laboratório clínico,Exames sorológicos e imunológicos,202606
0202030032,CONTAGEM DE LINFOCITOS T TOTAIS,Procedimentos com finalidade diagnóstica,Diagnóstico em laboratório clínico,Exames sorológicos e imunológicos,202606
0202030040,DETECÇÃO DE ÁCIDOS NUCLEICOS DO HIV-1 (QUALITATIVO),Procedimentos com finalidade diagnóstica,Diagnóstico em laboratório clínico,Exames sorológicos e imunológicos,202606
0202030059,DETECÇÃO DE RNA DO VÍRUS DA HEPATITE C (QUALITATIVO),Procedimentos com finalidade diagnóstica,Diagnóstico em laboratório clínico,Exames sorológicos e imunológicos,202606
0202030067,DETERMINAÇÃO DE COMPLEMENTO (CH50),Procedimentos com finalidade diagnóstica,Diagnóstico em laboratório clínico,Exames sorológicos e imunológicos,202606
0202030075,DETERMINAÇÃO DE FATOR REUMATOIDE,Procedimentos com finalidade diagnóstica,Diagnóstico em laboratório clínico,Exames sorológicos e imunológicos,202606
0202030083,DETERMINAÇÃO QUANTITATIVA DE PROTEÍNA C REATIVA,Procedimentos com finalidade diagnóstica,Diagnóstico em laboratório clínico,Exames sorológicos e imunológicos,202606
0202030091,DOSAGEM DE ALFA-FETOPROTEINA,Procedimentos com finalidade diagnóstica,Diagnóstico em laboratório clínico,Exames sorológicos e imunológicos,202606
0202030105,DOSAGEM DE ANTIGENO PROSTATICO ESPECIFICO (PSA),Procedimentos com finalidade diagnóstica,Diagnóstico em laboratório clínico,Exames sorológicos e imunológicos,202606
0202030113,DOSAGEM DE BETA-2-MICROGLOBULINA,Procedimentos com finalidade diagnóstica,Diagnóstico em laboratório clínico,Exames sorológicos e imunológicos,202606
0202030121,DOSAGEM DE COMPLEMENTO C3,Procedimentos com finalidade diagnóstica,Diagnóstico em laboratório clínico,Exames sorológicos e imunológicos,202606
0202030130,DOSAGEM DE COMPLEMENTO C4,Procedimentos com finalidade diagnóstica,Diagnóstico em laboratório clínico,Exames sorológicos e imunológicos,202606
0202030148,DOSAGEM DE CRIOAGLUTININA,Procedimentos com finalidade diagnóstica,Diagnóstico em laboratório clínico,Exames sorológicos e imunológicos,202606
0202030156,DOSAGEM DE IMUNOGLOBULINA A (IGA),Procedimentos com finalidade diagnóstica,Diagnóstico em laboratório clínico,Exames sorológicos e imunológicos,202606
0202030164,DOSAGEM DE IMUNOGLOBULINA E (IGE),Procedimentos com finalidade diagnóstica,Diagnóstico em laboratório clínico,Exames sorológicos e imunológicos,202606
0202030172,DOSAGEM DE IMUNOGLOBULINA G (IGG),Procedimentos com finalidade diagnóstica,Diagnóstico em laboratório clínico,Exames sorológicos e imunológicos,202606
0202030180,DOSAGEM DE IMUNOGLOBULINA M (IGM),Procedimentos com finalidade diagnóstica,Diagnóstico em laboratório clínico,Exames sorológicos e imunológicos,202606
0202030199,DOSAGEM DE INIBIDOR DE C1-ESTERASE,Procedimentos com finalidade diagnóstica,Diagnóstico em laboratório clínico,Exames sorológicos e imunológicos,202606
0202030202,DOSAGEM DE PROTEINA C REATIVA,Procedimentos com finalidade diagnóstica,Diagnóstico em laboratório clínico,Exames sorológicos e imunológicos,202606
0202030229,IMUNOELETROFORESE DE PROTEINAS,Procedimentos com finalidade diagnóstica,Diagnóstico em laboratório clínico,Exames sorológicos e imunológicos,202606
0202030237,IMUNOFENOTIPAGEM DE HEMOPATIAS MALIGNAS (POR MARCADOR),Procedimentos com finalidade diagnóstica,Diagnóstico em laboratório clínico,Exames sorológicos e imunológicos,202606
0202030245,PROVA TUBERCULÍNICA (PT),Procedimentos com finalidade diagnóstica,Diagnóstico em laboratório clínico,Exames sorológicos e imunológicos,202606
0202030253,PESQUISA DE ANTICORPO IGG ANTICARDIOLIPINA,Procedimentos com finalidade diagnóstica,Diagnóstico em laboratório clínico,Exames sorológicos e imunológicos,202606
0202030261,PESQUISA DE ANTICORPO IGM ANTICARDIOLIPINA,Procedimentos com finalidade diagnóstica,Diagnóstico em laboratório clínico,Exames sorológicos e imunológicos,202606
0202030270,PESQUISA DE ANTICORPOS ANTI-DNA,Procedimentos com finalidade diagnóstica,Diagnóstico em laboratório clínico,Exames sorológicos e imunológicos,202606
0202030288,PESQUISA DE ANTICORPOS ANTI-HELICOBACTER PYLORI,Procedimentos com finalidade diagnóstica,Diagnóstico em laboratório clínico,Exames sorológicos e imunológicos,202606
0202030296,PESQUISA DE ANTICORPOS ANTI-HIV-1 (WESTERN BLOT/IMUNOBLOT),Procedimentos com finalidade diagnóstica,Diagnóstico em laboratório clínico,Exames sorológicos e imunológicos,202606
0202030326,PESQUISA DE ANTICORPOS ANTI-RIBONUCLEOPROTEINA (RNP),Procedimentos com finalidade diagnóstica,Diagnóstico em laboratório clínico,Exames sorológicos e imunológicos,202606
0202030334,PESQUISA DE ANTICORPOS ANTI-SCHISTOSOMAS,Procedimentos com finalidade diagnóstica,Diagnóstico em laboratório clínico,Exames sorológicos e imunológicos,202606
0202030342,PESQUISA DE ANTICORPOS ANTI-SM,Procedimentos com finalidade diagnóstica,Diagnóstico em laboratório clínico,Exames sorológicos e imunológicos,202606
0202030350,PESQUISA DE ANTICORPOS ANTI-SS-A (RO),Procedimentos com finalidade diagnóstica,Diagnóstico em laboratório clínico,Exames sorológicos e imunológicos,202606
0202030369,PESQUISA DE ANTICORPOS ANTI-SS-B (LA),Procedimentos com finalidade diagnóstica,Diagnóstico em laboratório clínico,Exames sorológicos e imunológicos,202606
0202030377,PESQUISA DE ANTICORPOS ANTIADENOVIRUS,Procedimentos com finalidade diagnóstica,Diagnóstico em laboratório clínico,Exames sorológicos e imunológicos,202606
0202030385,PESQUISA DE ANTICORPOS ANTIAMEBAS,Procedimentos com finalidade diagnóstica,Diagnóstico em laboratório clínico,Exames sorológicos e imunológicos,202606
0202030393,PESQUISA DE ANTICORPOS ANTIASPERGILLUS,Procedimentos com finalidade diagnóstica,Diagnóstico em laboratório clínico,Exames sorológicos e imunológicos,202606
0202030407,PESQUISA DE ANTICORPOS ANTIBRUCELAS,Procedimentos com finalidade diagnóstica,Diagnóstico em laboratório clínico,Exames sorológicos e imunológicos,202606
0202030415,PESQUISA DE ANTICORPOS ANTICISTICERCO,Procedimentos com finalidade diagnóstica,Diagnóstico em laboratório clínico,Exames sorológicos e imunológicos,202606
0202030423,PESQUISA DE ANTICORPOS ANTICLAMIDIA (POR IMUNOFLUORESCENCIA),Procedimentos com finalidade diagnóstica,Diagnóstico em laboratório clínico,Exames sorológicos e imunológicos,202606
0202030431,PESQUISA DE ANTICORPOS ANTICORTEX SUPRARENAL,Procedimentos com finalidade diagnóstica,Diagnóstico em laboratório clínico,Exames sorológicos e imunológicos,202606
0202030440,PESQUISA DE ANTICORPOS ANTIEQUINOCOCOS,Procedimentos com finalidade diagnóstica,Diagnóstico em laboratório clínico,Exames sorológicos e imunológicos,202606
0202030458,PESQUISA DE ANTICORPOS ANTIESCLERODERMA (SCL 70),Procedimentos com finalidade diagnóstica,Diagnóstico em laboratório clínico,Exames sorológicos e imunológicos,202606
0202030466,PESQUISA DE ANTICORPOS ANTIESPERMATOZOIDES,Procedimentos com finalidade diagnóstica,Diagnóstico em laboratório clínico,Exames sorológicos e imunológicos,202606
0202030474,PESQUISA DE ANTICORPOS ANTIESTREPTOLISINA O (ASLO),Procedimentos com finalidade diagnóstica,Diagnóstico em laboratório clínico,Exames sorológicos e imunológicos,202606
0202030482,PESQUISA DE ANTICORPOS ANTIFIGADO,Procedimentos com finalidade diagnóstica,Diagnóstico em laboratório clínico,Exames sorológicos e imunológicos,202606
0202030504,PESQUISA DE ANTICORPOS ANTIGLOMERULO,Procedimentos com finalidade diagnóstica,Diagnóstico em laboratório clínico,Exames sorológicos e imunológicos,202606
0202030512,PESQUISA DE ANTICORPOS ANTIILHOTA DE LANGERHANS,Procedimentos com finalidade diagnóstica,Diagnóstico em laboratório clínico,Exames sorológicos e imunológicos,202606
0202030520,PESQUISA DE ANTICORPOS ANTIINSULINA,Procedimentos com finalidade diagnóstica,Diagnóstico em laboratório clínico,Exames sorológicos e imunológicos,202606
0202030539,PESQUISA DE ANTICORPOS ANTILEPTOSPIRAS,Procedimentos com finalidade diagnóstica,Diagnóstico em laboratório clínico,Exames sorológicos e imunológicos,202606
0202030547,PESQUISA DE ANTICORPOS ANTILISTERIA,Procedimentos com finalidade diagnóstica,Diagnóstico em laboratório clínico,Exames sorológicos e imunológicos,202606
0202030555,PESQUISA DE ANTICORPOS ANTIMICROSSOMAS,Procedimentos com finalidade diagnóstica,Diagnóstico em laboratório clínico,Exames sorológicos e imunológicos,202606
0202030563,PESQUISA DE ANTICORPOS ANTIMITOCONDRIA,Procedimentos com finalidade diagnóstica,Diagnóstico em laboratório clínico,Exames sorológicos e imunológicos,202606
0202030571,PESQUISA DE ANTICORPOS ANTIMUSCULO ESTRIADO,Procedimentos com finalidade diagnóstica,Diagnóstico em laboratório clínico,Exames sorológicos e imunológicos,202606
0202030580,PESQUISA DE ANTICORPOS ANTIMUSCULO LISO,Procedimentos com finalidade diagnóstica,Diagnóstico em laboratório clínico,Exames sorológicos e imunológicos,202606
0202030598,PESQUISA DE ANTICORPOS ANTINUCLEO,Procedimentos com finalidade diagnóstica,Diagnóstico em laboratório clínico,Exames sorológicos e imunológicos,202606
0202030601,PESQUISA DE ANTICORPOS ANTIPARIETAIS,Procedimentos com finalidade diagnóstica,Diagnóstico em laboratório clínico,Exames sorológicos e imunológicos,202606
0202030610,PESQUISA DE ANTICORPOS ANTIPLASMODIOS,Procedimentos com finalidade diagnóstica,Diagnóstico em laboratório clínico,Exames sorológicos e imunológicos,202606
0202030628,PESQUISA DE ANTICORPOS ANTITIREOGLOBULINA,Procedimentos com finalidade diagnóstica,Diagnóstico em laboratório clínico,Exames sorológicos e imunológicos,202606
0202030636,PESQUISA DE ANTICORPOS CONTRA ANTIGENO DE SUPERFICIE DO VIRUS DA HEPATITE B (ANTI-HBS),Procedimentos com finalidade diagnóstica,Diagnóstico em laboratório clínico,Exames sorológicos e imunológicos,202606
0202030644,PESQUISA DE ANTICORPOS CONTRA ANTIGENO E DO VIRUS DA HEPATITE B (ANTI-HBE),Procedimentos com finalidade diagnóstica,Diagnóstico em laboratório clínico,Exames sorológicos e imunológicos,202606
0202030652,PESQUISA DE ANTICORPOS CONTRA HISTOPLASMA,Procedimentos com finalidade diagnóstica,Diagnóstico em laboratório clínico,Exames sorológicos e imunológicos,202606
0202030660,PESQUISA DE ANTICORPOS CONTRA O SPOROTRIX SCHENKII,Procedimentos com finalidade diagnóstica,Diagnóstico em laboratório clínico,Exames sorológicos e imunológicos,202606
0202030687,PESQUISA DE ANTICORPOS CONTRA O VIRUS DA HEPATITE D (ANTI-HDV),Procedimentos com finalidade diagnóstica,Diagnóstico em laboratório clínico,Exames sorológicos e imunológicos,202606
0202030695,PESQUISA DE ANTICORPOS CONTRA O VIRUS DO SARAMPO,Procedimentos com finalidade diagnóstica,Diagnóstico em laboratório clínico,Exames sorológicos e imunológicos,202606
0202030709,PESQUISA DE ANTICORPOS CONTRA PARACOCCIDIOIDES BRASILIENSIS,Procedimentos com finalidade diagnóstica,Diagnóstico em laboratório clínico,Exames sorológicos e imunológicos,202606
0202030717,PESQUISA DE ANTICORPOS E/OU ANTIGENO DO VIRUS SINCICIAL RESPIRATORIO,Procedimentos com finalidade diagnóstica,Diagnóstico em laboratório clínico,Exames sorológicos e imunológicos,202606
0202030725,PESQUISA DE ANTICORPOS EIE ANTICLAMIDIA,Procedimentos com finalidade diagnóstica,Diagnóstico em laboratório clínico,Exames sorológicos e imunológicos,202606
0202030733,PESQUISA DE ANTICORPOS HETEROFILOS CONTA O VIRUS EPSTEIN-BARR,Procedimentos com finalidade diagnóstica,Diagnóstico em laboratório clínico,Exames sorológicos e imunológicos,202606
0202030741,PESQUISA DE ANTICORPOS IGG ANTICITOMEGALOVIRUS,Procedimentos com finalidade diagnóstica,Diagnóstico em laboratório clínico,Exames sorológicos e imunológicos,202606
0202030750,PESQUISA DE ANTICORPOS IGG ANTILEISHMANIAS,Procedimentos com finalidade diagnóstica,Diagnóstico em laboratório clínico,Exames sorológicos e imunológicos,202606
0202030768,PESQUISA DE ANTICORPOS IGG ANTITOXOPLASMA,Procedimentos com finalidade diagnóstica,Diagnóstico em laboratório clínico,Exames sorológicos e imunológicos,202606
0202030776,PESQUISA DE ANTICORPOS IGG ANTITRYPANOSOMA CRUZI,Procedimentos com finalidade diagnóstica,Diagnóstico em laboratório clínico,Exames sorológicos e imunológicos,202606
0202030784,PESQUISA DE ANTICORPOS IGG E IGM CONTRA ANTIGENO CENTRAL DO VIRUS DA HEPATITE B (ANTI-HBC-TOTAL),Procedimentos com finalidade diagnóstica,Diagnóstico em laboratório clínico,Exames sorológicos e imunológicos,202606
0202030792,PESQUISA DE ANTICORPOS IGG CONTRA ARBOVIRUS,Procedimentos com finalidade diagnóstica,Diagnóstico em laboratório clínico,Exames sorológicos e imunológicos,202606
0202030806,PESQUISA DE ANTICORPOS IGG CONTRA O VIRUS DA HEPATITE A (ANTI-HAV-IGG),Procedimentos com finalidade diagnóstica,Diagnóstico em laboratório clínico,Exames sorológicos e imunológicos,202606
0202030814,PESQUISA DE ANTICORPOS IGG CONTRA O VIRUS DA RUBEOLA,Procedimentos com finalidade diagnóstica,Diagnóstico em laboratório clínico,Exames sorológicos e imunológicos,202606
0202030822,PESQUISA DE ANTICORPOS IGG CONTRA O VIRUS DA VARICELA-HERPES ZOSTER,Procedimentos com finalidade diagnóstica,Diagnóstico em laboratório clínico,Exames sorológicos e imunológicos,202606
0202030830,PESQUISA DE ANTICORPOS IGG CONTRA O VIRUS EPSTEIN-BARR,Procedimentos com finalidade diagnóstica,Diagnóstico em laboratório clínico,Exames sorológicos e imunológicos,202606
0202030849,PESQUISA DE ANTICORPOS IGG CONTRA O VIRUS HERPES SIMPLES,Procedimentos com finalidade diagnóstica,Diagnóstico em laboratório clínico,Exames sorológicos e imunológicos,202606
0202030857,PESQUISA DE ANTICORPOS IGM ANTICITOMEGALOVIRUS,Procedimentos com finalidade diagnóstica,Diagnóstico em laboratório clínico,Exames sorológicos e imunológicos,202606
0202030865,PESQUISA DE ANTICORPOS IGM ANTILEISHMANIAS,Procedimentos com finalidade diagnóstica,Diagnóstico em laboratório clínico,Exames sorológicos e imunológicos,202606
0202030873,PESQUISA DE ANTICORPOS IGM ANTITOXOPLASMA,Procedimentos com finalidade diagnóstica,Diagnóstico em laboratório clínico,Exames sorológicos e imunológicos,202606
0202030881,PESQUISA DE ANTICORPOS IGM ANTITRYPANOSOMA CRUZI,Procedimentos com finalidade diagnóstica,Diagnóstico em laboratório clínico,Exames sorológicos e imunológicos,202606
0202030890,PESQUISA DE ANTICORPOS IGM CONTRA ANTIGENO CENTRAL DO VIRUS DA HEPATITE B (ANTI-HBC-IGM),Procedimentos com finalidade diagnóstica,Diagnóstico em laboratório clínico,Exames sorológicos e imunológicos,202606
0202030903,PESQUISA DE ANTICORPOS IGM CONTRA ARBOVIRUS,Procedimentos com finalidade diagnóstica,Diagnóstico em laboratório clínico,Exames sorológicos e imunológicos,202606
0202030911,PESQUISA DE ANTICORPOS IGM CONTRA O VIRUS DA HEPATITE A (ANTI-HAV-IGM),Procedimentos com finalidade diagnóstica,Diagnóstico em laboratório clínico,Exames sorológicos e imunológicos,202606
0202030920,PESQUISA DE ANTICORPOS IGM CONTRA O VIRUS DA RUBEOLA,Procedimentos com finalidade diagnóstica,Diagnóstico em laboratório clínico,Exames sorológicos e imunológicos,202606
0202030938,PESQUISA DE ANTICORPOS IGM CONTRA O VIRUS DA VARICELA-HERPES ZOSTER,Procedimentos com finalidade diagnóstica,Diagnóstico em laboratório clínico,Exames sorológicos e imunológicos,202606
0202030946,PESQUISA DE ANTICORPOS IGM CONTRA O VIRUS EPSTEIN-BARR,Procedimentos com finalidade diagnóstica,Diagnóstico em laboratório clínico,Exames sorológicos e imunológicos,202606
0202030954,PESQUISA DE ANTICORPOS IGM CONTRA O VIRUS HERPES SIMPLES,Procedimentos com finalidade diagnóstica,Diagnóstico em laboratório clínico,Exames sorológicos e imunológicos,202606
0202030962,PESQUISA DE ANTIGENO CARCINOEMBRIONARIO (CEA),Procedimentos com finalidade diagnóstica,Diagnóstico em laboratório clínico,Exames sorológicos e imunológicos,202606
0202030989,PESQUISA DE ANTIGENO E DO VIRUS DA HEPATITE B (HBEAG),Procedimentos com finalidade diagnóstica,Diagnóstico em laboratório clínico,Exames sorológicos e imunológicos,202606
0202030997,DETECÇÃO DE CLAMÍDIA E GONOCOCO POR BIOLOGIA MOLECULAR,Procedimentos com finalidade diagnóstica,Diagnóstico em laboratório clínico,Exames sorológicos e imunológicos,202606
0202031004,PESQUISA DE CRIOGLOBULINAS,Procedimentos com finalidade diagnóstica,Diagnóstico em laboratório clínico,Exames sorológicos e imunológicos,202606
0202031012,PESQUISA DE FATOR REUMATOIDE (WAALER-ROSE),Procedimentos com finalidade diagnóstica,Diagnóstico em laboratório clínico,Exames sorológicos e imunológicos,202606
0202031039,PESQUISA DE IMUNOGLOBULINA E (IGE) ALERGENO-ESPECIFICA,Procedimentos com finalidade diagnóstica,Diagnóstico em laboratório clínico,Exames sorológicos e imunológicos,202606
0202031047,PESQUISA DE TRYPANOSOMA CRUZI (POR IMUNOFLUORESCENCIA),Procedimentos com finalidade diagnóstica,Diagnóstico em laboratório clínico,Exames sorológicos e imunológicos,202606
0202031055,PROVAS DE PRAUSNITZ-KUSTNER (PK),Procedimentos com finalidade diagnóstica,Diagnóstico em laboratório clínico,Exames sorológicos e imunológicos,202606
0202031063,PROVAS IMUNO-ALERGICAS BACTERIANAS,Procedimentos com finalidade diagnóstica,Diagnóstico em laboratório clínico,Exames sorológicos e imunológicos,202606
0202031071,QUANTIFICAÇÃO DE RNA DO HIV-1,Procedimentos com finalidade diagnóstica,Diagnóstico em laboratório clínico,Exames sorológicos e imunológicos,202606
0202031080,QUANTIFICAÇÃO DE RNA DO VÍRUS DA HEPATITE C,Procedimentos com finalidade diagnóstica,Diagnóstico em laboratório clínico,Exames sorológicos e imunológicos,202606
0202031101,REAÇÃO DE MONTENEGRO ID,Procedimentos com finalidade diagnóstica,Diagnóstico em laboratório clínico,Exames sorológicos e imunológicos,202606
0202031110,"TESTE NÃO TREPONEMICO P/ DETECÇÃO DE SIFILIS PARA POPULAÇÃO GERAL (EXCETO GESTANTE, PARCEIRO OU PARCERIA)",Procedimentos com finalidade diagnóstica,Diagnóstico em laboratório clínico,Exames sorológicos e imunológicos,202606
0202031144,TESTES ALERGICOS DE CONTATO,Procedimentos com finalidade diagnóstica,Diagnóstico em laboratório clínico,Exames sorológicos e imunológicos,202606
0202031152,TESTES CUTANEOS DE LEITURA IMEDIATA,Procedimentos com finalidade diagnóstica,Diagnóstico em laboratório clínico,Exames sorológicos e imunológicos,202606
0202031179,TESTE NÃO TREPONEMICO P/ DETECÇÃO DE SIFILIS EM GESTANTES,Procedimentos com finalidade diagnóstica,Diagnóstico em laboratório clínico,Exames sorológicos e imunológicos,202606
0202031187,DOSAGEM DE ANTICORPOS ANTITRANSGLUTAMINAISE RECOMBINANTE HUMANO IGA,Procedimentos com finalidade diagnóstica,Diagnóstico em laboratório clínico,Exames sorológicos e imunológicos,202606
0202031195,DOSAGEM DA FRAÇÃO C1Q DO COMPLEMENTO,Procedimentos com finalidade diagnóstica,Diagnóstico em laboratório clínico,Exames sorológicos e imunológicos,202606
0202031209,DOSAGEM DE TROPONINA,Procedimentos com finalidade diagnóstica,Diagnóstico em laboratório clínico,Exames sorológicos e imunológicos,202606
0202031217,DOSAGEM DO ANTÍGENO CA 125,Procedimentos com finalidade diagnóstica,Diagnóstico em laboratório clínico,Exames sorológicos e imunológicos,202606
0202031225,EXAME LABORATORIAL PARA DOENÇA DE GAUCHER I,Procedimentos com finalidade diagnóstica,Diagnóstico em laboratório clínico,Exames sorológicos e imunológicos,202606
0202031233,EXAME LABORATORIAL PARA DOENÇA DE GAUCHER II,Procedimentos com finalidade diagnóstica,Diagnóstico em laboratório clínico,Exames sorológicos e imunológicos,202606
0202031241,GENOTIPAGEM DO HIV,Procedimentos com finalidade diagnóstica,Diagnóstico em laboratório clínico,Exames sorológicos e imunológicos,202606
0202031276,DOSAGEM DE ADENOSINA-DESAMINASE (ADA),Procedimentos com finalidade diagnóstica,Diagnóstico em laboratório clínico,Exames sorológicos e imunológicos,202606
0202031284,ANTIBETA 2 GLICOPROTEINA I -IGG,Procedimentos com finalidade diagnóstica,Diagnóstico em laboratório clínico,Exames sorológicos e imunológicos,202606
0202031292,DOSAGEM DE ANTI-BETA-2-GLICOPROTEÍNA I - IGM,Procedimentos com finalidade diagnóstica,Diagnóstico em laboratório clínico,Exames sorológicos e imunológicos,202606
0202031306,DIAGNÓSTICO E REAVALIAÇÃO DE HEMOGLOBINÚRIA PAROXISTICA NOTURNA,Procedimentos com finalidade diagnóstica,Diagnóstico em laboratório clínico,Exames sorológicos e imunológicos,202606
0202031314,DOSAGEM DE ANTICORPO ANTI-ACHR,Procedimentos com finalidade diagnóstica,Diagnóstico em laboratório clínico,Exames sorológicos e imunológicos,202606
0202031322,DOSAGEM DE SIROLIMO,Procedimentos com finalidade diagnóstica,Diagnóstico em laboratório clínico,Exames sorológicos e imunológicos,202606
0202031365,TESTE DE LIBERAÇÃO DE INTERFERON-GAMA PARA ILTB (IGRA),Procedimentos com finalidade diagnóstica,Diagnóstico em laboratório clínico,Exames sorológicos e imunológicos,202606
0202031373,DOSAGEM DE ANTICORPOS ANTIGLIADINADEAMINADA IGG,Procedimentos com finalidade diagnóstica,Diagnóstico em laboratório clínico,Exames sorológicos e imunológicos,202606
0202031381,"TESTE TREPONÊMICO LABORATORIAL PARA DETECÇÃO DE SÍFILIS PARA POPULAÇÃO GERAL (EXCETO GESTANTE, PARCEIRO OU PARCERIA)",Procedimentos com finalidade diagnóstica,Diagnóstico em laboratório clínico,Exames sorológicos e imunológicos,202606
0202031390,TESTE TREPONÊMICO LABORATORIAL P/ DETECÇÃO DE SÍFILIS EM GESTANTE,Procedimentos com finalidade diagnóstica,Diagnóstico em laboratório clínico,Exames sorológicos e imunológicos,202606
0202031403,TESTE TREPONÊMICO LABORATORIAL P/ DETECÇÃO DE SÍFILIS EM PARCEIRO OU PARCERIA DE GESTANTE,Procedimentos com finalidade diagnóstica,Diagnóstico em laboratório clínico,Exames sorológicos e imunológicos,202606
0202031411,"TESTE FTA-ABS TOTAL PARA DIAGNÓSTICO DA SÍFILIS PARA POPULAÇÃO GERAL (EXCETO GESTANTE, PARCEIRO OU PARCERIA)",Procedimentos com finalidade diagnóstica,Diagnóstico em laboratório clínico,Exames sorológicos e imunológicos,202606
0202031420,TESTE FTA-ABS TOTAL PARA DIAGNÓSTICO DA SÍFILIS EM GESTANTE,Procedimentos com finalidade diagnóstica,Diagnóstico em laboratório clínico,Exames sorológicos e imunológicos,202606
0202031438,TESTE FTA-ABS TOTAL PARA DIAGNÓSTICO DA SÍFILIS EM PARCEIRO OU PARCERIA DE GESTANTE,Procedimentos com finalidade diagnóstica,Diagnóstico em laboratório clínico,Exames sorológicos e imunológicos,202606
0202031446,"PESQUISA LABORATORIAL DE ANTÍGENO DE SUPERFÍCIE DO VÍRUS DA HEPATITE B (HBSAG) PARA POPULAÇÃO GERAL (EXCETO GESTANTE, PARCEIRO OU PARCERIA)",Procedimentos com finalidade diagnóstica,Diagnóstico em laboratório clínico,Exames sorológicos e imunológicos,202606
0202031454,PESQUISA LABORATORIAL DE ANTÍGENO DE SUPERFÍCIE DO VÍRUS DA HEPATITE B (HBSAG) EM GESTANTE,Procedimentos com finalidade diagnóstica,Diagnóstico em laboratório clínico,Exames sorológicos e imunológicos,202606
0202031462,PESQUISA LABORATORIAL DE ANTÍGENO DE SUPERFÍCIE DO VÍRUS DA HEPATITE B (HBSAG) EM PARCEIRO OU PARCERIA DE GESTANTE,Procedimentos com finalidade diagnóstica,Diagnóstico em laboratório clínico,Exames sorológicos e imunológicos,202606
0202031470,"PESQUISA LABORATORIAL DE ANTICORPOS CONTRA O VÍRUS DA HEPATITE C (ANTI-HCV) PARA POPULAÇÃO GERAL (EXCETO GESTANTE, PARCEIRO OU PARCERIA)",Procedimentos com finalidade diagnóstica,Diagnóstico em laboratório clínico,Exames sorológicos e imunológicos,202606
0202031489,PESQUISA LABORATORIAL DE ANTICORPOS CONTRA O VÍRUS DA HEPATITE C (ANTI-HCV) EM GESTANTE,Procedimentos com finalidade diagnóstica,Diagnóstico em laboratório clínico,Exames sorológicos e imunológicos,202606
0202031497,PESQUISA LABORATORIAL DE ANTICORPOS CONTRA O VÍRUS DA HEPATITE C (ANTI-HCV) EM PARCEIRO OU PARCERIA DE GESTANTE,Procedimentos com finalidade diagnóstica,Diagnóstico em laboratório clínico,Exames sorológicos e imunológicos,202606
0202031500,"PESQUISA LABORATORIAL DE ANTÍGENOS DE HIV E/OU ANTICORPOS ANTI-HIV-1 OU ANTI-HIV-2 PARA POPULAÇÃO GERAL (EXCETO GESTANTE, PARCEIRO OU PARCERIA)",Procedimentos com finalidade diagnóstica,Diagnóstico em laboratório clínico,Exames sorológicos e imunológicos,202606
0202031519,PESQUISA LABORATORIAL DE ANTÍGENOS DE HIV OU ANTICORPOS ANTI-HIV-1 OU ANTI-HIV-2 EM GESTANTE,Procedimentos com finalidade diagnóstica,Diagnóstico em laboratório clínico,Exames sorológicos e imunológicos,202606
0202031527,PESQUISA LABORATORIAL DE ANTÍGENOS DE HIV OU ANTICORPOS ANTI-HIV-1 OU ANTI-HIV-2 EM PARCEIRO E PARCERIA DE GESTANTE,Procedimentos com finalidade diagnóstica,Diagnóstico em laboratório clínico,Exames sorológicos e imunológicos,202606
0202031535,"PESQUISA LABORATORIAL DE ANTICORPOS ANTI-HTLV-1 + HTLV-2 PARA POPULAÇÃO GERAL (EXCETO GESTANTE, PARCEIRO OU PARCERIA)",Procedimentos com finalidade diagnóstica,Diagnóstico em laboratório clínico,Exames sorológicos e imunológicos,202606
0202031543,PESQUISA LABORATORIAL DE ANTICORPOS ANTI-HTLV-1 + HTLV-2 EM GESTANTE,Procedimentos com finalidade diagnóstica,Diagnóstico em laboratório clínico,Exames sorológicos e imunológicos,202606
0202031551,PESQUISA LABORATORIAL DE ANTICORPOS ANTI-HTLV-1 + HTLV-2 EM PARCEIRO OU PARCERIA DE GESTANTE,Procedimentos com finalidade diagnóstica,Diagnóstico em laboratório clínico,Exames sorológicos e imunológicos,202606
0202031560,"DETECÇÃO DE DNA PROVIRAL DO HTLV-1 E DO HTLV-2 PARA POPULAÇÃO GERAL (EXCETO GESTANTE, PARCEIRO OU PARCERIA)",Procedimentos com finalidade diagnóstica,Diagnóstico em laboratório clínico,Exames sorológicos e imunológicos,202606
0202031578,DETECÇÃO DE DNA PROVIRAL DO HTLV-1 E DO HTLV-2 EM GESTANTE,Procedimentos com finalidade diagnóstica,Diagnóstico em laboratório clínico,Exames sorológicos e imunológicos,202606
0202031586,DETECÇÃO DE DNA PROVIRAL DO HTLV-1 E DO HTLV-2 EM PARCEIRO OU PARCERIA DE GESTANTE,Procedimentos com finalidade diagnóstica,Diagnóstico em laboratório clínico,Exames sorológicos e imunológicos,202606
0202031594,"TESTE CONFIRMATÓRIO COM PESQUISA DE ANTICORPOS ANTI-HTLV-1 + ANTI-HTLV-2 PARA POPULAÇÃO GERAL (EXCETO GESTANTE, PARCEIRO OU PARCERIA)",Procedimentos com finalidade diagnóstica,Diagnóstico em laboratório clínico,Exames sorológicos e imunológicos,202606
0202031608,TESTE CONFIRMATÓRIO COM PESQUISA DE ANTICORPOS ANTI-HTLV-1 + ANTI-HTLV-2 EM GESTANTE,Procedimentos com finalidade diagnóstica,Diagnóstico em laboratório clínico,Exames sorológicos e imunológicos,202606
0202031616,TESTE CONFIRMATÓRIO COM PESQUISA DE ANTICORPOS ANTI-HTLV-1 + ANTI-HTLV-2 EM PARCEIRO OU PARCERIA DE GESTANTE,Procedimentos com finalidade diagnóstica,Diagnóstico em laboratório clínico,Exames sorológicos e imunológicos,202606
0202031624,TESTE NÃO TREPONÊMICO P/ DETECÇÃO DE SÍFILIS EM PARCEIRO OU PARCERIA DE GESTANTE,Procedimentos com finalidade diagnóstica,Diagnóstico em laboratório clínico,Exames sorológicos e imunológicos,202606
0202040011,DOSAGEM DE ESTERCOBILINOGENIO FECAL,Procedimentos com finalidade diagnóstica,Diagnóstico em laboratório clínico,Exames coprológicos,202606
0202040020,DOSAGEM DE GORDURA FECAL,Procedimentos com finalidade diagnóstica,Diagnóstico em laboratório clínico,Exames coprológicos,202606
0202040038,EXAME COPROLOGICO FUNCIONAL,Procedimentos com finalidade diagnóstica,Diagnóstico em laboratório clínico,Exames coprológicos,202606
0202040046,IDENTIFICACAO DE FRAGMENTOS DE HELMINTOS,Procedimentos com finalidade diagnóstica,Diagnóstico em laboratório clínico,Exames coprológicos,202606
0202040054,PESQUISA DE ENTEROBIUS VERMICULARES (OXIURUS OXIURA),Procedimentos com finalidade diagnóstica,Diagnóstico em laboratório clínico,Exames coprológicos,202606
0202040062,PESQUISA DE EOSINOFILOS,Procedimentos com finalidade diagnóstica,Diagnóstico em laboratório clínico,Exames coprológicos,202606
0202040070,PESQUISA DE GORDURA FECAL,Procedimentos com finalidade diagnóstica,Diagnóstico em laboratório clínico,Exames coprológicos,202606
0202040089,PESQUISA DE LARVAS NAS FEZES,Procedimentos com finalidade diagnóstica,Diagnóstico em laboratório clínico,Exames coprológicos,202606
0202040097,PESQUISA DE LEUCOCITOS NAS FEZES,Procedimentos com finalidade diagnóstica,Diagnóstico em laboratório clínico,Exames coprológicos,202606
0202040100,PESQUISA DE LEVEDURAS NAS FEZES,Procedimentos com finalidade diagnóstica,Diagnóstico em laboratório clínico,Exames coprológicos,202606
0202040119,PESQUISA DE OVOS DE SCHISTOSOMAS (EM FRAGMENTO DE MUCOSA),Procedimentos com finalidade diagnóstica,Diagnóstico em laboratório clínico,Exames coprológicos,202606
0202040127,PESQUISA DE OVOS E CISTOS DE PARASITAS,Procedimentos com finalidade diagnóstica,Diagnóstico em laboratório clínico,Exames coprológicos,202606
0202040135,PESQUISA DE ROTAVIRUS NAS FEZES,Procedimentos com finalidade diagnóstica,Diagnóstico em laboratório clínico,Exames coprológicos,202606
0202040143,PESQUISA DE SANGUE OCULTO NAS FEZES,Procedimentos com finalidade diagnóstica,Diagnóstico em laboratório clínico,Exames coprológicos,202606
0202040151,PESQUISA DE SUBSTANCIAS REDUTORAS NAS FEZES,Procedimentos com finalidade diagnóstica,Diagnóstico em laboratório clínico,Exames coprológicos,202606
0202040160,PESQUISA DE TRIPSINA NAS FEZES,Procedimentos com finalidade diagnóstica,Diagnóstico em laboratório clínico,Exames coprológicos,202606
0202040178,PESQUISA DE TROFOZOITAS NAS FEZES,Procedimentos com finalidade diagnóstica,Diagnóstico em laboratório clínico,Exames coprológicos,202606
0202040186,TESTE DE ELASTASE PANCREÁTICA FECAL,Procedimentos com finalidade diagnóstica,Diagnóstico em laboratório clínico,Exames coprológicos,202606
0202050017,"ANALISE DE CARACTERES FISICOS, ELEMENTOS E SEDIMENTO DA URINA",Procedimentos com finalidade diagnóstica,Diagnóstico em laboratório clínico,Exames de uroanálise,202606
0202050025,CLEARANCE DE CREATININA,Procedimentos com finalidade diagnóstica,Diagnóstico em laboratório clínico,Exames de uroanálise,202606
0202050033,CLEARANCE DE FOSFATO,Procedimentos com finalidade diagnóstica,Diagnóstico em laboratório clínico,Exames de uroanálise,202606
0202050041,CLEARANCE DE UREIA,Procedimentos com finalidade diagnóstica,Diagnóstico em laboratório clínico,Exames de uroanálise,202606
0202050050,CONTAGEM DE ADDIS,Procedimentos com finalidade diagnóstica,Diagnóstico em laboratório clínico,Exames de uroanálise,202606
0202050068,DETERMINACAO DE OSMOLALIDADE,Procedimentos com finalidade diagnóstica,Diagnóstico em laboratório clínico,Exames de uroanálise,202606
0202050076,IDENTIFICAÇÃO DE GLICÍDIOS URINÁRIOS POR CROMATOGRAFIA (CAMADA DELGADA),Procedimentos com finalidade diagnóstica,Diagnóstico em laboratório clínico,Exames de uroanálise,202606
0202050084,DOSAGEM DE CITRATO,Procedimentos com finalidade diagnóstica,Diagnóstico em laboratório clínico,Exames de uroanálise,202606
0202050092,DOSAGEM DE MICROALBUMINA NA URINA,Procedimentos com finalidade diagnóstica,Diagnóstico em laboratório clínico,Exames de uroanálise,202606
0202050106,DOSAGEM DE OXALATO,Procedimentos com finalidade diagnóstica,Diagnóstico em laboratório clínico,Exames de uroanálise,202606
0202050114,DOSAGEM DE PROTEINAS (URINA DE 24 HORAS),Procedimentos com finalidade diagnóstica,Diagnóstico em laboratório clínico,Exames de uroanálise,202606
0202050122,DOSAGEM E/OU FRACIONAMENTO DE ACIDOS ORGANICOS,Procedimentos com finalidade diagnóstica,Diagnóstico em laboratório clínico,Exames de uroanálise,202606
0202050130,EXAME QUALITATIVO DE CALCULOS URINARIOS,Procedimentos com finalidade diagnóstica,Diagnóstico em laboratório clínico,Exames de uroanálise,202606
0202050149,PESQUISA / DOSAGEM DE AMINOACIDOS (POR CROMATOGRAFIA),Procedimentos com finalidade diagnóstica,Diagnóstico em laboratório clínico,Exames de uroanálise,202606
0202050157,PESQUISA DE ALCAPTONA NA URINA,Procedimentos com finalidade diagnóstica,Diagnóstico em laboratório clínico,Exames de uroanálise,202606
0202050165,PESQUISA DE AMINOACIDOS NA URINA,Procedimentos com finalidade diagnóstica,Diagnóstico em laboratório clínico,Exames de uroanálise,202606
0202050173,PESQUISA DE BETA-MERCAPTO-LACTATO-DISSULFIDURIA,Procedimentos com finalidade diagnóstica,Diagnóstico em laboratório clínico,Exames de uroanálise,202606
0202050181,PESQUISA DE CADEIAS LEVES KAPPA E LAMBDA,Procedimentos com finalidade diagnóstica,Diagnóstico em laboratório clínico,Exames de uroanálise,202606
0202050190,PESQUISA DE CISTINA NA URINA,Procedimentos com finalidade diagnóstica,Diagnóstico em laboratório clínico,Exames de uroanálise,202606
0202050203,PESQUISA DE COPROPORFIRINA NA URINA,Procedimentos com finalidade diagnóstica,Diagnóstico em laboratório clínico,Exames de uroanálise,202606
0202050211,PESQUISA DE ERROS INATOS DO METABOLISMO NA URINA,Procedimentos com finalidade diagnóstica,Diagnóstico em laboratório clínico,Exames de uroanálise,202606
0202050220,PESQUISA DE FENIL-CETONA NA URINA,Procedimentos com finalidade diagnóstica,Diagnóstico em laboratório clínico,Exames de uroanálise,202606
0202050238,PESQUISA DE FRUTOSE NA URINA,Procedimentos com finalidade diagnóstica,Diagnóstico em laboratório clínico,Exames de uroanálise,202606
0202050246,PESQUISA DE GALACTOSE NA URINA,Procedimentos com finalidade diagnóstica,Diagnóstico em laboratório clínico,Exames de uroanálise,202606
0202050254,PESQUISA DE GONADOTROFINA CORIONICA,Procedimentos com finalidade diagnóstica,Diagnóstico em laboratório clínico,Exames de uroanálise,202606
0202050262,PESQUISA DE HOMOCISTINA NA URINA,Procedimentos com finalidade diagnóstica,Diagnóstico em laboratório clínico,Exames de uroanálise,202606
0202050270,PESQUISA DE LACTOSE NA URINA,Procedimentos com finalidade diagnóstica,Diagnóstico em laboratório clínico,Exames de uroanálise,202606
0202050289,PESQUISA DE MUCOPOLISSACARIDEOS NA URINA,Procedimentos com finalidade diagnóstica,Diagnóstico em laboratório clínico,Exames de uroanálise,202606
0202050297,PESQUISA DE PORFOBILINOGENIO NA URINA,Procedimentos com finalidade diagnóstica,Diagnóstico em laboratório clínico,Exames de uroanálise,202606
0202050300,PESQUISA DE PROTEINAS URINARIAS (POR ELETROFORESE),Procedimentos com finalidade diagnóstica,Diagnóstico em laboratório clínico,Exames de uroanálise,202606
0202050319,PESQUISA DE TIROSINA NA URINA,Procedimentos com finalidade diagnóstica,Diagnóstico em laboratório clínico,Exames de uroanálise,202606
0202050327,PROVA DE DILUICAO (URINA),Procedimentos com finalidade diagnóstica,Diagnóstico em laboratório clínico,Exames de uroanálise,202606
0202060012,DETERMINAÇÃO DE ÍNDICE DE TIROXINA LIVRE,Procedimentos com finalidade diagnóstica,Diagnóstico em laboratório clínico,Exames hormonais,202606
0202060020,DETERMINAÇÃO DE RETENÇÃO DE T3,Procedimentos com finalidade diagnóstica,Diagnóstico em laboratório clínico,Exames hormonais,202606
0202060039,DETERMINAÇÃO DE T3 REVERSO,Procedimentos com finalidade diagnóstica,Diagnóstico em laboratório clínico,Exames hormonais,202606
0202060047,DOSAGEM DE 17-ALFA-HIDROXIPROGESTERONA,Procedimentos com finalidade diagnóstica,Diagnóstico em laboratório clínico,Exames hormonais,202606
0202060055,DOSAGEM DE 17-CETOSTEROIDES TOTAIS,Procedimentos com finalidade diagnóstica,Diagnóstico em laboratório clínico,Exames hormonais,202606
0202060063,DOSAGEM DE 17-HIDROXICORTICOSTEROIDES,Procedimentos com finalidade diagnóstica,Diagnóstico em laboratório clínico,Exames hormonais,202606
0202060071,DOSAGEM DE ACIDO 5-HIDROXI-INDOL-ACETICO (SEROTONINA),Procedimentos com finalidade diagnóstica,Diagnóstico em laboratório clínico,Exames hormonais,202606
0202060080,DOSAGEM DE ADRENOCORTICOTROFICO (ACTH),Procedimentos com finalidade diagnóstica,Diagnóstico em laboratório clínico,Exames hormonais,202606
0202060098,DOSAGEM DE ALDOSTERONA,Procedimentos com finalidade diagnóstica,Diagnóstico em laboratório clínico,Exames hormonais,202606
0202060101,DOSAGEM DE AMP CICLICO,Procedimentos com finalidade diagnóstica,Diagnóstico em laboratório clínico,Exames hormonais,202606
0202060110,DOSAGEM DE ANDROSTENEDIONA,Procedimentos com finalidade diagnóstica,Diagnóstico em laboratório clínico,Exames hormonais,202606
0202060128,DOSAGEM DE CALCITONINA,Procedimentos com finalidade diagnóstica,Diagnóstico em laboratório clínico,Exames hormonais,202606
0202060136,DOSAGEM DE CORTISOL,Procedimentos com finalidade diagnóstica,Diagnóstico em laboratório clínico,Exames hormonais,202606
0202060144,DOSAGEM DE DEHIDROEPIANDROSTERONA (DHEA),Procedimentos com finalidade diagnóstica,Diagnóstico em laboratório clínico,Exames hormonais,202606
0202060152,DOSAGEM DE DIHIDROTESTOTERONA (DHT),Procedimentos com finalidade diagnóstica,Diagnóstico em laboratório clínico,Exames hormonais,202606
0202060160,DOSAGEM DE ESTRADIOL,Procedimentos com finalidade diagnóstica,Diagnóstico em laboratório clínico,Exames hormonais,202606
0202060179,DOSAGEM DE ESTRIOL,Procedimentos com finalidade diagnóstica,Diagnóstico em laboratório clínico,Exames hormonais,202606
0202060187,DOSAGEM DE ESTRONA,Procedimentos com finalidade diagnóstica,Diagnóstico em laboratório clínico,Exames hormonais,202606
0202060195,DOSAGEM DE GASTRINA,Procedimentos com finalidade diagnóstica,Diagnóstico em laboratório clínico,Exames hormonais,202606
0202060209,DOSAGEM DE GLOBULINA TRANSPORTADORA DE TIROXINA,Procedimentos com finalidade diagnóstica,Diagnóstico em laboratório clínico,Exames hormonais,202606
0202060217,"DOSAGEM DE GONADOTROFINA CORIONICA HUMANA (HCG, BETA HCG)",Procedimentos com finalidade diagnóstica,Diagnóstico em laboratório clínico,Exames hormonais,202606
0202060225,DOSAGEM DE HORMONIO DE CRESCIMENTO (HGH),Procedimentos com finalidade diagnóstica,Diagnóstico em laboratório clínico,Exames hormonais,202606
0202060233,DOSAGEM DE HORMONIO FOLICULO-ESTIMULANTE (FSH),Procedimentos com finalidade diagnóstica,Diagnóstico em laboratório clínico,Exames hormonais,202606
0202060241,DOSAGEM DE HORMONIO LUTEINIZANTE (LH),Procedimentos com finalidade diagnóstica,Diagnóstico em laboratório clínico,Exames hormonais,202606
0202060250,DOSAGEM DE HORMONIO TIREOESTIMULANTE (TSH),Procedimentos com finalidade diagnóstica,Diagnóstico em laboratório clínico,Exames hormonais,202606
0202060268,DOSAGEM DE INSULINA,Procedimentos com finalidade diagnóstica,Diagnóstico em laboratório clínico,Exames hormonais,202606
0202060276,DOSAGEM DE PARATORMONIO,Procedimentos com finalidade diagnóstica,Diagnóstico em laboratório clínico,Exames hormonais,202606
0202060284,DOSAGEM DE PEPTIDEO C,Procedimentos com finalidade diagnóstica,Diagnóstico em laboratório clínico,Exames hormonais,202606
0202060292,DOSAGEM DE PROGESTERONA,Procedimentos com finalidade diagnóstica,Diagnóstico em laboratório clínico,Exames hormonais,202606
0202060306,DOSAGEM DE PROLACTINA,Procedimentos com finalidade diagnóstica,Diagnóstico em laboratório clínico,Exames hormonais,202606
0202060314,DOSAGEM DE RENINA,Procedimentos com finalidade diagnóstica,Diagnóstico em laboratório clínico,Exames hormonais,202606
0202060322,DOSAGEM DE SOMATOMEDINA C (IGF1),Procedimentos com finalidade diagnóstica,Diagnóstico em laboratório clínico,Exames hormonais,202606
0202060330,DOSAGEM DE SULFATO DE HIDROEPIANDROSTERONA (DHEAS),Procedimentos com finalidade diagnóstica,Diagnóstico em laboratório clínico,Exames hormonais,202606
0202060349,DOSAGEM DE TESTOSTERONA,Procedimentos com finalidade diagnóstica,Diagnóstico em laboratório clínico,Exames hormonais,202606
0202060357,DOSAGEM DE TESTOSTERONA LIVRE,Procedimentos com finalidade diagnóstica,Diagnóstico em laboratório clínico,Exames hormonais,202606
0202060365,DOSAGEM DE TIREOGLOBULINA,Procedimentos com finalidade diagnóstica,Diagnóstico em laboratório clínico,Exames hormonais,202606
0202060373,DOSAGEM DE TIROXINA (T4),Procedimentos com finalidade diagnóstica,Diagnóstico em laboratório clínico,Exames hormonais,202606
0202060381,DOSAGEM DE TIROXINA LIVRE (T4 LIVRE),Procedimentos com finalidade diagnóstica,Diagnóstico em laboratório clínico,Exames hormonais,202606
0202060390,DOSAGEM DE TRIIODOTIRONINA (T3),Procedimentos com finalidade diagnóstica,Diagnóstico em laboratório clínico,Exames hormonais,202606
0202060403,TESTE DE ESTIMULO DA PROLACTINA / TSH APOS TRH,Procedimentos com finalidade diagnóstica,Diagnóstico em laboratório clínico,Exames hormonais,202606
0202060411,TESTE DE ESTIMULO DA PROLACTINA APOS CLORPROMAZINA,Procedimentos com finalidade diagnóstica,Diagnóstico em laboratório clínico,Exames hormonais,202606
0202060420,TESTE DE ESTIMULO COM GNRH OU COM AGONISTA GNRH,Procedimentos com finalidade diagnóstica,Diagnóstico em laboratório clínico,Exames hormonais,202606
0202060438,TESTE DE ESTIMULO DO HGH APOS GLUCAGON,Procedimentos com finalidade diagnóstica,Diagnóstico em laboratório clínico,Exames hormonais,202606
0202060446,TESTE DE SUPRESSAO DO CORTISOL APOS DEXAMETASONA,Procedimentos com finalidade diagnóstica,Diagnóstico em laboratório clínico,Exames hormonais,202606
0202060454,TESTE DE SUPRESSAO DO HGH APOS GLICOSE,Procedimentos com finalidade diagnóstica,Diagnóstico em laboratório clínico,Exames hormonais,202606
0202060462,TESTE P/ INVESTIGACAO DO DIABETES INSIPIDUS,Procedimentos com finalidade diagnóstica,Diagnóstico em laboratório clínico,Exames hormonais,202606
0202060470,PESQUISA DE MACROPROLACTINA,Procedimentos com finalidade diagnóstica,Diagnóstico em laboratório clínico,Exames hormonais,202606
0202070018,DOSAGEM DE ACIDO DELTA-AMINOLEVULINICO,Procedimentos com finalidade diagnóstica,Diagnóstico em laboratório clínico,Exames toxicológicos ou de monitorização terapêutica,202606
0202070026,DOSAGEM DE ACIDO HIPURICO,Procedimentos com finalidade diagnóstica,Diagnóstico em laboratório clínico,Exames toxicológicos ou de monitorização terapêutica,202606
0202070034,DOSAGEM DE ACIDO MANDELICO,Procedimentos com finalidade diagnóstica,Diagnóstico em laboratório clínico,Exames toxicológicos ou de monitorização terapêutica,202606
0202070042,DOSAGEM DE ACIDO METIL-HIPURICO,Procedimentos com finalidade diagnóstica,Diagnóstico em laboratório clínico,Exames toxicológicos ou de monitorização terapêutica,202606
0202070050,DOSAGEM DE ACIDO VALPROICO,Procedimentos com finalidade diagnóstica,Diagnóstico em laboratório clínico,Exames toxicológicos ou de monitorização terapêutica,202606
0202070069,DOSAGEM DE ALA-DESIDRATASE,Procedimentos com finalidade diagnóstica,Diagnóstico em laboratório clínico,Exames toxicológicos ou de monitorização terapêutica,202606
0202070077,DOSAGEM DE ALCOOL ETILICO,Procedimentos com finalidade diagnóstica,Diagnóstico em laboratório clínico,Exames toxicológicos ou de monitorização terapêutica,202606
0202070085,DOSAGEM DE ALUMINIO,Procedimentos com finalidade diagnóstica,Diagnóstico em laboratório clínico,Exames toxicológicos ou de monitorização terapêutica,202606
0202070093,DOSAGEM DE AMINOGLICOSIDEOS,Procedimentos com finalidade diagnóstica,Diagnóstico em laboratório clínico,Exames toxicológicos ou de monitorização terapêutica,202606
0202070107,DOSAGEM DE ANFETAMINAS,Procedimentos com finalidade diagnóstica,Diagnóstico em laboratório clínico,Exames toxicológicos ou de monitorização terapêutica,202606
0202070115,DOSAGEM DE ANTIDEPRESSIVOS TRICICLICOS,Procedimentos com finalidade diagnóstica,Diagnóstico em laboratório clínico,Exames toxicológicos ou de monitorização terapêutica,202606
0202070123,DOSAGEM DE BARBITURATOS,Procedimentos com finalidade diagnóstica,Diagnóstico em laboratório clínico,Exames toxicológicos ou de monitorização terapêutica,202606
0202070131,DOSAGEM DE BENZODIAZEPINICOS,Procedimentos com finalidade diagnóstica,Diagnóstico em laboratório clínico,Exames toxicológicos ou de monitorização terapêutica,202606
0202070140,DOSAGEM DE CADMIO,Procedimentos com finalidade diagnóstica,Diagnóstico em laboratório clínico,Exames toxicológicos ou de monitorização terapêutica,202606
0202070158,DOSAGEM DE CARBAMAZEPINA,Procedimentos com finalidade diagnóstica,Diagnóstico em laboratório clínico,Exames toxicológicos ou de monitorização terapêutica,202606
0202070166,DOSAGEM DE CARBOXI-HEMOGLOBINA,Procedimentos com finalidade diagnóstica,Diagnóstico em laboratório clínico,Exames toxicológicos ou de monitorização terapêutica,202606
0202070174,DOSAGEM DE CHUMBO,Procedimentos com finalidade diagnóstica,Diagnóstico em laboratório clínico,Exames toxicológicos ou de monitorização terapêutica,202606
0202070182,DOSAGEM DE CICLOSPORINA,Procedimentos com finalidade diagnóstica,Diagnóstico em laboratório clínico,Exames toxicológicos ou de monitorização terapêutica,202606
0202070190,DOSAGEM DE COBRE,Procedimentos com finalidade diagnóstica,Diagnóstico em laboratório clínico,Exames toxicológicos ou de monitorização terapêutica,202606
0202070204,"DOSAGEM DE DIGITALICOS (DIGOXINA, DIGITOXINA)",Procedimentos com finalidade diagnóstica,Diagnóstico em laboratório clínico,Exames toxicológicos ou de monitorização terapêutica,202606
0202070212,DOSAGEM DE ETOSSUXIMIDA,Procedimentos com finalidade diagnóstica,Diagnóstico em laboratório clínico,Exames toxicológicos ou de monitorização terapêutica,202606
0202070220,DOSAGEM DE FENITOINA,Procedimentos com finalidade diagnóstica,Diagnóstico em laboratório clínico,Exames toxicológicos ou de monitorização terapêutica,202606
0202070239,DOSAGEM DE FENOL,Procedimentos com finalidade diagnóstica,Diagnóstico em laboratório clínico,Exames toxicológicos ou de monitorização terapêutica,202606
0202070247,DOSAGEM DE FORMALDEIDO,Procedimentos com finalidade diagnóstica,Diagnóstico em laboratório clínico,Exames toxicológicos ou de monitorização terapêutica,202606
0202070255,DOSAGEM DE LITIO,Procedimentos com finalidade diagnóstica,Diagnóstico em laboratório clínico,Exames toxicológicos ou de monitorização terapêutica,202606
0202070263,DOSAGEM DE MERCURIO,Procedimentos com finalidade diagnóstica,Diagnóstico em laboratório clínico,Exames toxicológicos ou de monitorização terapêutica,202606
0202070271,DOSAGEM DE META-HEMOGLOBINA,Procedimentos com finalidade diagnóstica,Diagnóstico em laboratório clínico,Exames toxicológicos ou de monitorização terapêutica,202606
0202070280,DOSAGEM DE METABOLITOS DA COCAINA,Procedimentos com finalidade diagnóstica,Diagnóstico em laboratório clínico,Exames toxicológicos ou de monitorização terapêutica,202606
0202070298,DOSAGEM DE METOTREXATO,Procedimentos com finalidade diagnóstica,Diagnóstico em laboratório clínico,Exames toxicológicos ou de monitorização terapêutica,202606
0202070301,DOSAGEM DE QUINIDINA,Procedimentos com finalidade diagnóstica,Diagnóstico em laboratório clínico,Exames toxicológicos ou de monitorização terapêutica,202606
0202070310,DOSAGEM DE SALICILATOS,Procedimentos com finalidade diagnóstica,Diagnóstico em laboratório clínico,Exames toxicológicos ou de monitorização terapêutica,202606
0202070328,DOSAGEM DE SULFATOS,Procedimentos com finalidade diagnóstica,Diagnóstico em laboratório clínico,Exames toxicológicos ou de monitorização terapêutica,202606
0202070336,DOSAGEM DE TEOFILINA,Procedimentos com finalidade diagnóstica,Diagnóstico em laboratório clínico,Exames toxicológicos ou de monitorização terapêutica,202606
0202070344,DOSAGEM DE TIOCIANATO,Procedimentos com finalidade diagnóstica,Diagnóstico em laboratório clínico,Exames toxicológicos ou de monitorização terapêutica,202606
0202070352,DOSAGEM DE ZINCO,Procedimentos com finalidade diagnóstica,Diagnóstico em laboratório clínico,Exames toxicológicos ou de monitorização terapêutica,202606
0202080013,ANTIBIOGRAMA,Procedimentos com finalidade diagnóstica,Diagnóstico em laboratório clínico,Exames microbiológicos,202606
0202080021,ANTIBIOGRAMA C/ CONCENTRACAO INIBITORIA MINIMA,Procedimentos com finalidade diagnóstica,Diagnóstico em laboratório clínico,Exames microbiológicos,202606
0202080030,TESTE DE SENSIBILIDADE EM MEIO SÓLIDO PARA OS FÁRMACOS CONTRA MICOBACTERIAS,Procedimentos com finalidade diagnóstica,Diagnóstico em laboratório clínico,Exames microbiológicos,202606
0202080048,BACILOSCOPIA DIRETA P/ BAAR TUBERCULOSE (DIAGNÓSTICA),Procedimentos com finalidade diagnóstica,Diagnóstico em laboratório clínico,Exames microbiológicos,202606
0202080056,BACILOSCOPIA DIRETA P/ BAAR (HANSENÍASE),Procedimentos com finalidade diagnóstica,Diagnóstico em laboratório clínico,Exames microbiológicos,202606
0202080064,BACILOSCOPIA DIRETA P/ BAAR TUBERCULOS (CONTROLE),Procedimentos com finalidade diagnóstica,Diagnóstico em laboratório clínico,Exames microbiológicos,202606
0202080072,BACTERIOSCOPIA (GRAM),Procedimentos com finalidade diagnóstica,Diagnóstico em laboratório clínico,Exames microbiológicos,202606
0202080080,CULTURA DE BACTÉRIAS P/ IDENTIFICAÇÃO,Procedimentos com finalidade diagnóstica,Diagnóstico em laboratório clínico,Exames microbiológicos,202606
0202080099,CULTURA DO LEITE HUMANO (POS-PASTEURIZAÇÃO),Procedimentos com finalidade diagnóstica,Diagnóstico em laboratório clínico,Exames microbiológicos,202606
0202080102,CULTURA P/ HERPESVIRUS,Procedimentos com finalidade diagnóstica,Diagnóstico em laboratório clínico,Exames microbiológicos,202606
0202080110,CULTURA SÓLIDA PARA MICOBACTÉRIAS,Procedimentos com finalidade diagnóstica,Diagnóstico em laboratório clínico,Exames microbiológicos,202606
0202080129,CULTURA PARA BACTÉRIAS ANAEROBICAS,Procedimentos com finalidade diagnóstica,Diagnóstico em laboratório clínico,Exames microbiológicos,202606
0202080137,CULTURA PARA IDENTIFICACAO MORFOLÓGICA DE FUNGOS,Procedimentos com finalidade diagnóstica,Diagnóstico em laboratório clínico,Exames microbiológicos,202606
0202080145,EXAME MICROBIOLÓGICO A FRESCO (DIRETO),Procedimentos com finalidade diagnóstica,Diagnóstico em laboratório clínico,Exames microbiológicos,202606
0202080153,HEMOCULTURA,Procedimentos com finalidade diagnóstica,Diagnóstico em laboratório clínico,Exames microbiológicos,202606
0202080161,IDENTIFICAÇÃO AUTOMATIZADA DE MICRO-ORGANISMOS,Procedimentos com finalidade diagnóstica,Diagnóstico em laboratório clínico,Exames microbiológicos,202606
0202080170,PEQUISA DE PNEUMOCYSTI CARINI,Procedimentos com finalidade diagnóstica,Diagnóstico em laboratório clínico,Exames microbiológicos,202606
0202080188,PESQUISA DE BACILO DIFTÉRICO,Procedimentos com finalidade diagnóstica,Diagnóstico em laboratório clínico,Exames microbiológicos,202606
0202080196,PESQUISA DE ESTREPTOCOCOS BETA-HEMOLÍTICOS DO GRUPO A,Procedimentos com finalidade diagnóstica,Diagnóstico em laboratório clínico,Exames microbiológicos,202606
0202080200,PESQUISA DE HAEMOPHILUS DUCREY,Procedimentos com finalidade diagnóstica,Diagnóstico em laboratório clínico,Exames microbiológicos,202606
0202080218,PESQUISA DE HELICOBACTER PYLORI,Procedimentos com finalidade diagnóstica,Diagnóstico em laboratório clínico,Exames microbiológicos,202606
0202080226,PESQUISA DE LEPTOSPIRAS,Procedimentos com finalidade diagnóstica,Diagnóstico em laboratório clínico,Exames microbiológicos,202606
0202080234,EXAMES DIRETOS PARA PESQUISA DE TREPONEMA PALLIDUM,Procedimentos com finalidade diagnóstica,Diagnóstico em laboratório clínico,Exames microbiológicos,202606
0202080242,PROVA CONFIRMATÓRIA DA PRESENÇA DE MICRO-ORGANISMOS COLIFORMES,Procedimentos com finalidade diagnóstica,Diagnóstico em laboratório clínico,Exames microbiológicos,202606
0202080250,EXAME MICOLÓGICO DIRETO,Procedimentos com finalidade diagnóstica,Diagnóstico em laboratório clínico,Exames microbiológicos,202606
0202090019,ÁCIDO ÚRICO NO LÍQUIDO SINOVIAL E DERRAMES,Procedimentos com finalidade diagnóstica,Diagnóstico em laboratório clínico,Exames em outros líquidos biológicos,202606
0202090027,ADENOGRAMA,Procedimentos com finalidade diagnóstica,Diagnóstico em laboratório clínico,Exames em outros líquidos biológicos,202606
0202090035,CITOLOGIA P/ CLAMIDIA,Procedimentos com finalidade diagnóstica,Diagnóstico em laboratório clínico,Exames em outros líquidos biológicos,202606
0202090043,CITOLOGIA P/ HERPESVIRUS,Procedimentos com finalidade diagnóstica,Diagnóstico em laboratório clínico,Exames em outros líquidos biológicos,202606
0202090051,CONTAGEM ESPECÍFICA DE CÉLULAS NO LIQUOR,Procedimentos com finalidade diagnóstica,Diagnóstico em laboratório clínico,Exames em outros líquidos biológicos,202606
0202090060,CONTAGEM GLOBAL DE CÉLULAS NO LÍQUOR,Procedimentos com finalidade diagnóstica,Diagnóstico em laboratório clínico,Exames em outros líquidos biológicos,202606
0202090078,DETERMINAÇÃO DE FOSFOLIPIDIOS RELAÇÃO LECITINA - ESFINGOMIELINA NO LÍQUIDO AMNIÓTICO,Procedimentos com finalidade diagnóstica,Diagnóstico em laboratório clínico,Exames em outros líquidos biológicos,202606
0202090086,DOSAGEM DE CREATININA NO LÍQUIDO AMNIÓTICO,Procedimentos com finalidade diagnóstica,Diagnóstico em laboratório clínico,Exames em outros líquidos biológicos,202606
0202090094,DOSAGEM DE FOSFATASE ALCALINA NO ESPERMA,Procedimentos com finalidade diagnóstica,Diagnóstico em laboratório clínico,Exames em outros líquidos biológicos,202606
0202090108,DOSAGEM DE FRUTOSE,Procedimentos com finalidade diagnóstica,Diagnóstico em laboratório clínico,Exames em outros líquidos biológicos,202606
0202090116,DOSAGEM DE FRUTOSE NO ESPERMA,Procedimentos com finalidade diagnóstica,Diagnóstico em laboratório clínico,Exames em outros líquidos biológicos,202606
0202090124,DOSAGEM DE GLICOSE NO LÍQUIDO SINOVIAL E DERRAMES,Procedimentos com finalidade diagnóstica,Diagnóstico em laboratório clínico,Exames em outros líquidos biológicos,202606
0202090132,DOSAGEM DE PROTEINAS NO LÍQUIDO SINOVIAL E DERRAMES,Procedimentos com finalidade diagnóstica,Diagnóstico em laboratório clínico,Exames em outros líquidos biológicos,202606
0202090140,DOSAGEM DE SÓDIO E CLORO NO SUOR (C/ COLETA),Procedimentos com finalidade diagnóstica,Diagnóstico em laboratório clínico,Exames em outros líquidos biológicos,202606
0202090159,ELETROFORESE DE PROTEINAS C/ CONCENTRAÇÃO NO LIQUOR,Procedimentos com finalidade diagnóstica,Diagnóstico em laboratório clínico,Exames em outros líquidos biológicos,202606
0202090167,ESPECTROFOTOMETRIA NO LÍQUIDO AMNIÓTICO,Procedimentos com finalidade diagnóstica,Diagnóstico em laboratório clínico,Exames em outros líquidos biológicos,202606
0202090175,ESPLENOGRAMA,Procedimentos com finalidade diagnóstica,Diagnóstico em laboratório clínico,Exames em outros líquidos biológicos,202606
0202090183,EXAME DE CARACTERES FÍSICOS CONTAGEM GLOBAL E ESPECÍFICA DE CÉLULAS,Procedimentos com finalidade diagnóstica,Diagnóstico em laboratório clínico,Exames em outros líquidos biológicos,202606
0202090191,MIELOGRAMA,Procedimentos com finalidade diagnóstica,Diagnóstico em laboratório clínico,Exames em outros líquidos biológicos,202606
0202090213,PESQUISA DE ANTICORPOS ANTIESPERMATOZOIDES ( ELISA ),Procedimentos com finalidade diagnóstica,Diagnóstico em laboratório clínico,Exames em outros líquidos biológicos,202606
0202090221,DOSAGEM DE FOSFATASE ÁCIDA NO ESPERMA,Procedimentos com finalidade diagnóstica,Diagnóstico em laboratório clínico,Exames em outros líquidos biológicos,202606
0202090230,PESQUISA DE CARACTERES FÍSICOS NO LIQUOR,Procedimentos com finalidade diagnóstica,Diagnóstico em laboratório clínico,Exames em outros líquidos biológicos,202606
0202090248,PESQUISA DE CÉLULAS ORANGIOFILAS,Procedimentos com finalidade diagnóstica,Diagnóstico em laboratório clínico,Exames em outros líquidos biológicos,202606
0202090256,PESQUISA DE CRISTAIS C/ LUZ POLARIZADA,Procedimentos com finalidade diagnóstica,Diagnóstico em laboratório clínico,Exames em outros líquidos biológicos,202606
0202090264,ESPERMOGRAMA,Procedimentos com finalidade diagnóstica,Diagnóstico em laboratório clínico,Exames em outros líquidos biológicos,202606
0202090272,PESQUISA DE RAGOCITOS NO LÍQUIDO SINOVIAL E DERRAMES,Procedimentos com finalidade diagnóstica,Diagnóstico em laboratório clínico,Exames em outros líquidos biológicos,202606
0202090280,PROVA DE PROGRESSÃO ESPERMÁTICA (CADA),Procedimentos com finalidade diagnóstica,Diagnóstico em laboratório clínico,Exames em outros líquidos biológicos,202606
0202090299,"PROVA DO LATEX P/ HAEMOPHILLUS INFLUENZAE, STREPTOCOCCUS PNEUMONIAE, NEISSERIA MENINGITIDIS (SOROTIPOS A, B, C)",Procedimentos com finalidade diagnóstica,Diagnóstico em laboratório clínico,Exames em outros líquidos biológicos,202606
0202090302,PROVA DO LATEX P/ PESQUISA DO FATOR REUMATOIDE,Procedimentos com finalidade diagnóstica,Diagnóstico em laboratório clínico,Exames em outros líquidos biológicos,202606
0202090310,REAÇÃO DE PANDY,Procedimentos com finalidade diagnóstica,Diagnóstico em laboratório clínico,Exames em outros líquidos biológicos,202606
0202090329,REAÇÃO DE RIVALTA NO LÍQUIDO SINOVIAL E DERRAMES,Procedimentos com finalidade diagnóstica,Diagnóstico em laboratório clínico,Exames em outros líquidos biológicos,202606
0202090337,TESTE DE CLEMENTS,Procedimentos com finalidade diagnóstica,Diagnóstico em laboratório clínico,Exames em outros líquidos biológicos,202606
0202090345,TESTE DE GASTROACIDOGRAMA - SECREÇÃO BASAL POR 60 EM 4 AMOSTRAS,Procedimentos com finalidade diagnóstica,Diagnóstico em laboratório clínico,Exames em outros líquidos biológicos,202606
0202090353,TESTE DE HOLLANDER NO SUCO GASTRICO,Procedimentos com finalidade diagnóstica,Diagnóstico em laboratório clínico,Exames em outros líquidos biológicos,202606
0202090361,TESTE MOLECULAR PARA A DETECÇÃO DO COMPLEXO MYCOBACTERIUM TUBERCULOSIS,Procedimentos com finalidade diagnóstica,Diagnóstico em laboratório clínico,Exames em outros líquidos biológicos,202606
0202100014,DETERMINACAO DE CARIOTIPO EM CULTURA DE LONGA DURACAO (C/ TECNICA DE BANDAS),Procedimentos com finalidade diagnóstica,Diagnóstico em laboratório clínico,Exames de genética,202606
0202100022,DETERMINACAO DE CARIOTIPO EM MEDULA OSSEA E VILOSIDADES CORIONICAS (C/ TECNICA DE BANDAS),Procedimentos com finalidade diagnóstica,Diagnóstico em laboratório clínico,Exames de genética,202606
0202100030,DETERMINACAO DE CARIOTIPO EM SANGUE PERIFERICO (C/ TECNICA DE BANDAS),Procedimentos com finalidade diagnóstica,Diagnóstico em laboratório clínico,Exames de genética,202606
0202100049,QUANTIFICAÇÃO/AMPLIFICAÇÃO DO HER-2,Procedimentos com finalidade diagnóstica,Diagnóstico em laboratório clínico,Exames de genética,202606
0202100057,FOCALIZAÇÃO ISOELÉTRICA DA TRANSFERRINA,Procedimentos com finalidade diagnóstica,Diagnóstico em laboratório clínico,Exames de genética,202606
0202100065,ANÁLISE DE DNA PELA TÉCNICA DE SOUTHERN BLOT,Procedimentos com finalidade diagnóstica,Diagnóstico em laboratório clínico,Exames de genética,202606
0202100073,ANÁLISE DE DNA POR MLPA,Procedimentos com finalidade diagnóstica,Diagnóstico em laboratório clínico,Exames de genética,202606
0202100081,"IDENTIFICAÇÃO DE MUTAÇÃO/REARRANJOS POR PCR, PCR SENSÍVEL A METILAÇÃO, qPCR E qPCR SENSÍVEL A METILAÇÃO",Procedimentos com finalidade diagnóstica,Diagnóstico em laboratório clínico,Exames de genética,202606
0202100090,"FISH EM METÁFASE OU NÚCLEO INTERFÁSICO, POR DOENÇA",Procedimentos com finalidade diagnóstica,Diagnóstico em laboratório clínico,Exames de genética,202606
0202100103,IDENTIFICAÇÃO DE ALTERAÇÃO CROMOSSÔNICA SUBMICROSCÓPICA POR ARRAY-CGH,Procedimentos com finalidade diagnóstica,Diagnóstico em laboratório clínico,Exames de genética,202606
0202100111,IDENTIFICAÇÂO DE MUTAÇÃO POR SEQUENCIAMENTO POR AMPLICON ATÉ 500 PARES DE BASES,Procedimentos com finalidade diagnóstica,Diagnóstico em laboratório clínico,Exames de genética,202606
0202100120,"IDENTIFICAÇÃO DE GLICOSAMINOGLICANOS URINÁRIOS POR CROMATOGRAFIA EM CAMADA DELGADA , ELETROFORESE E DOSAGEM QUANTITATIVA",Procedimentos com finalidade diagnóstica,Diagnóstico em laboratório clínico,Exames de genética,202606
0202100138,IDENTIFICAÇÃO DE OLIGOSSACARÍDEOS E SIALOSSACARÍDEOS POR CROMATOGRAFIA (CAMADA DELGADA),Procedimentos com finalidade diagnóstica,Diagnóstico em laboratório clínico,Exames de genética,202606
0202100146,"DOSAGEM QUANTITATIVA DE CARNITINA, PERFIL DE ACILCARNITINAS",Procedimentos com finalidade diagnóstica,Diagnóstico em laboratório clínico,Exames de genética,202606
0202100154,DOSAGEM QUANTITATIVA DE AMINOÁCIDOS,Procedimentos com finalidade diagnóstica,Diagnóstico em laboratório clínico,Exames de genética,202606
0202100162,DOSAGEM QUANTITATIVA DE ÁCIDOS ORGÂNICOS,Procedimentos com finalidade diagnóstica,Diagnóstico em laboratório clínico,Exames de genética,202606
0202100170,ENSAIOS ENZIMÁTICOS NO PLASMA E LEUCÓCITOS PARA DIAGNÓSTICO DE ERROS INATOS DO METABOLISMO,Procedimentos com finalidade diagnóstica,Diagnóstico em laboratório clínico,Exames de genética,202606
0202100189,ENSAIOS ENZIMÁTICOS EM ERITRÓCITOS PARA DIAGNÓSTICO DE ERROS INATOS DO METABOLISMO,Procedimentos com finalidade diagnóstica,Diagnóstico em laboratório clínico,Exames de genética,202606
0202100197,ENSAIOS ENZIMÁTICOS EM TECIDO CULTIVADO PARA DIAGNÓSTICO DE ERROS INATOS DO METABOLISMO,Procedimentos com finalidade diagnóstica,Diagnóstico em laboratório clínico,Exames de genética,202606
0202100200,SEQUENCIAMENTO COMPLETO DO EXOMA,Procedimentos com finalidade diagnóstica,Diagnóstico em laboratório clínico,Exames de genética,202606
0202100219,DIAGNÓSTICO DE LEUCEMIA CROMOSSOMA PHILADELPHIA POSITIVO POR TÉCNICA MOLECULAR,Procedimentos com finalidade diagnóstica,Diagnóstico em laboratório clínico,Exames de genética,202606
0202100227,REAVALIAÇÃO DIAGNÓSTICA DE LEUCEMIA CROMOSSOMA PHILADELPHIA POSITIVO POR TÉCNICA MOLECULAR,Procedimentos com finalidade diagnóstica,Diagnóstico em laboratório clínico,Exames de genética,202606
0202100235,PESQUISA DE MUTAÇÃO DO GENE DA PROTROMBINA,Procedimentos com finalidade diagnóstica,Diagnóstico em laboratório clínico,Exames de genética,202606
0202100243,TESTE CITOGENÈTICO POR HIBRIDIZAÇÃO IN SITU POR FLUORESCÊNCIA (FISH) PARA MIELOMA MÚLTIPLO,Procedimentos com finalidade diagnóstica,Diagnóstico em laboratório clínico,Exames de genética,202606
0202100251,EXAME MOLECULAR DE DETECÇÂO DE HPV,Procedimentos com finalidade diagnóstica,Diagnóstico em laboratório clínico,Exames de genética,202606
0202110010,DETECÇÃO DE VARIANTES DA HEMOGLOBINA (DIAGNÓSTICO TARDIO),Procedimentos com finalidade diagnóstica,Diagnóstico em laboratório clínico,Exames para triagem neonatal,202606
0202110028,DETECÇÃO MOLECULAR DE MUTAÇÃO EM HEMOGLOBINOPATIAS (CONFIRMATORIO),Procedimentos com finalidade diagnóstica,Diagnóstico em laboratório clínico,Exames para triagem neonatal,202606
0202110036,DETECÇÃO MOLECULAR EM FIBROSE CÍSTICA (CONFIRMATORIO),Procedimentos com finalidade diagnóstica,Diagnóstico em laboratório clínico,Exames para triagem neonatal,202606
0202110044,DOSAGEM DE FENILALANINA (CONTROLE / DIAGNÓSTICO TARDIO),Procedimentos com finalidade diagnóstica,Diagnóstico em laboratório clínico,Exames para triagem neonatal,202606
0202110052,DOSAGEM DE FENILALANINA E TSH OU T4,Procedimentos com finalidade diagnóstica,Diagnóstico em laboratório clínico,Exames para triagem neonatal,202606
0202110060,DOSAGEM DE FENILALANINA TSH OU T4 E DETECÇÃO DA VARIANTE DE HEMOGLOBINA (COMPONENTE DO TESTE DO PEZINHO),Procedimentos com finalidade diagnóstica,Diagnóstico em laboratório clínico,Exames para triagem neonatal,202606
0202110079,DOSAGEM DE TRIPSINA IMUNORREATIVA (COMPONENTE DO TESTE DO PEZINHO),Procedimentos com finalidade diagnóstica,Diagnóstico em laboratório clínico,Exames para triagem neonatal,202606
0202110087,DOSAGEM DE TSH E T4 LIVRE (CONTROLE / DIAGNÓSTICO TARDIO),Procedimentos com finalidade diagnóstica,Diagnóstico em laboratório clínico,Exames para triagem neonatal,202606
0202110095,DOSAGEM DE 17 HIDROXI PROGESTERONA EM PAPEL DE FILTRO (COMPONENTE DO TESTE DO PEZINHO),Procedimentos com finalidade diagnóstica,Diagnóstico em laboratório clínico,Exames para triagem neonatal,202606
0202110109,DOSAGEM DA ATIVIDADE DA BIOTINIDASE EM AMOSTRAS DE SANGUE EM PAPEL DE FILTRO (COMPONENTE DO TESTE DO PEZINHO),Procedimentos com finalidade diagnóstica,Diagnóstico em laboratório clínico,Exames para triagem neonatal,202606
0202110117,DOSAGEM QUANTITATIVA DA ATIVIDADE DA BIOTINIDASE EM AMOSTRAS DE SORO,Procedimentos com finalidade diagnóstica,Diagnóstico em laboratório clínico,Exames para triagem neonatal,202606
0202110125,DETECÇÃO MOLECULAR DE MUTAÇÃO EM HIPERPLASIA ADRENAL CONGÊNITA,Procedimentos com finalidade diagnóstica,Diagnóstico em laboratório clínico,Exames para triagem neonatal,202606
0202110133,DETECÇÃO MOLECULAR DE MUTAÇÃO EM DEFICIÊNCIA DE BIOTINIDASE,Procedimentos com finalidade diagnóstica,Diagnóstico em laboratório clínico,Exames para triagem neonatal,202606
0202110141,DOSAGEM DE CLORETO NO SUOR,Procedimentos com finalidade diagnóstica,Diagnóstico em laboratório clínico,Exames para triagem neonatal,202606
0202110150,PESQUISA DE IGM ANTI-TOXOPLASMA GONDII EM SANGUE SECO (COMPONENTE DO TESTE DO PEZINHO),Procedimentos com finalidade diagnóstica,Diagnóstico em laboratório clínico,Exames para triagem neonatal,202606
0202120015,DETERMINACAO DE ANTICORPOS ANTIPLAQUETARIOS,Procedimentos com finalidade diagnóstica,Diagnóstico em laboratório clínico,Exames imunohematológicos,202606
0202120023,DETERMINACAO DIRETA E REVERSA DE GRUPO ABO,Procedimentos com finalidade diagnóstica,Diagnóstico em laboratório clínico,Exames imunohematológicos,202606
0202120031,FENOTIPAGEM DE SISTEMA RH - HR,Procedimentos com finalidade diagnóstica,Diagnóstico em laboratório clínico,Exames imunohematológicos,202606
0202120040,IDENTIFICACAO DE ANTICORPOS SERICOS IRREGULARES C/ PAINEL DE HEMACIAS,Procedimentos com finalidade diagnóstica,Diagnóstico em laboratório clínico,Exames imunohematológicos,202606
0202120058,PESQUISA DE ANTICORPOS IRREGULARES PELO METODO DA ELUICAO,Procedimentos com finalidade diagnóstica,Diagnóstico em laboratório clínico,Exames imunohematológicos,202606
0202120066,PESQUISA DE ANTICORPOS SERICOS IRREGULARES 37OC,Procedimentos com finalidade diagnóstica,Diagnóstico em laboratório clínico,Exames imunohematológicos,202606
0202120074,PESQUISA DE ANTICORPOS SERICOS IRREGULARES A FRIO,Procedimentos com finalidade diagnóstica,Diagnóstico em laboratório clínico,Exames imunohematológicos,202606
0202120082,PESQUISA DE FATOR RH (INCLUI D FRACO),Procedimentos com finalidade diagnóstica,Diagnóstico em laboratório clínico,Exames imunohematológicos,202606
0202120090,TESTE INDIRETO DE ANTIGLOBULINA HUMANA (TIA),Procedimentos com finalidade diagnóstica,Diagnóstico em laboratório clínico,Exames imunohematológicos,202606
0202120104,TITULACAO DE ANTICORPOS ANTI A E/OU ANTI B,Procedimentos com finalidade diagnóstica,Diagnóstico em laboratório clínico,Exames imunohematológicos,202606
0203010019,EXAME CITOPATOLÓGICO CERVICO-VAGINAL/MICROFLORA,Procedimentos com finalidade diagnóstica,Diagnóstico por anatomia patológica e citopatologia,Exames citopatológicos,202606
0203010027,EXAME CITOPATOLOGICO HORMONAL SERIADO (MINIMO 3 COLETAS),Procedimentos com finalidade diagnóstica,Diagnóstico por anatomia patológica e citopatologia,Exames citopatológicos,202606
0203010035,EXAME DE CITOLOGIA (EXCETO CERVICO-VAGINAL E DE MAMA),Procedimentos com finalidade diagnóstica,Diagnóstico por anatomia patológica e citopatologia,Exames citopatológicos,202606
0203010043,EXAME CITOPATOLOGICO DE MAMA,Procedimentos com finalidade diagnóstica,Diagnóstico por anatomia patológica e citopatologia,Exames citopatológicos,202606
0203010078,CONTROLE DE QUALIDADE DO EXAME CITOPATOLÓGICO CERVICO VAGINAL,Procedimentos com finalidade diagnóstica,Diagnóstico por anatomia patológica e citopatologia,Exames citopatológicos,202606
0203010086,EXAME CITOPATOLÓGICO CERVICO VAGINAL/MICROFLORA-RASTREAMENTO,Procedimentos com finalidade diagnóstica,Diagnóstico por anatomia patológica e citopatologia,Exames citopatológicos,202606
0203020014,DETERMINACAO DE RECEPTORES TUMORAIS HORMONAIS,Procedimentos com finalidade diagnóstica,Diagnóstico por anatomia patológica e citopatologia,Exames anatomopatológicos,202606
0203020022,EXAME ANATOMO-PATOLOGICO DO COLO UTERINO - PECA CIRURGICA,Procedimentos com finalidade diagnóstica,Diagnóstico por anatomia patológica e citopatologia,Exames anatomopatológicos,202606
0203020030,EXAME ANATOMO-PATOLÓGICO PARA CONGELAMENTO / PARAFINA POR PEÇA CIRURGICA OU POR BIOPSIA (EXCETO COLO UTERINO E MAMA),Procedimentos com finalidade diagnóstica,Diagnóstico por anatomia patológica e citopatologia,Exames anatomopatológicos,202606
0203020049,IMUNOHISTOQUIMICA DE NEOPLASIAS MALIGNAS (POR MARCADOR),Procedimentos com finalidade diagnóstica,Diagnóstico por anatomia patológica e citopatologia,Exames anatomopatológicos,202606
0203020057,NECROPSIA,Procedimentos com finalidade diagnóstica,Diagnóstico por anatomia patológica e citopatologia,Exames anatomopatológicos,202606
0203020065,EXAME ANATOMOPATOLOGICO DE MAMA - BIOPSIA,Procedimentos com finalidade diagnóstica,Diagnóstico por anatomia patológica e citopatologia,Exames anatomopatológicos,202606
0203020073,EXAME ANATOMOPATOLOGICO DE MAMA - PECA CIRURGICA,Procedimentos com finalidade diagnóstica,Diagnóstico por anatomia patológica e citopatologia,Exames anatomopatológicos,202606
0203020081,EXAME ANATOMO-PATOLOGICO DO COLO UTERINO - BIOPSIA,Procedimentos com finalidade diagnóstica,Diagnóstico por anatomia patológica e citopatologia,Exames anatomopatológicos,202606
0204010012,DACRIOCISTOGRAFIA,Procedimentos com finalidade diagnóstica,Diagnóstico por radiologia,Exames radiológicos da cabeça e pescoço,202606
0204010020,PLANIGRAFIA DE LARINGE,Procedimentos com finalidade diagnóstica,Diagnóstico por radiologia,Exames radiológicos da cabeça e pescoço,202606
0204010039,RADIOGRAFIA BILATERAL DE ORBITAS (PA + OBLIQUAS + HIRTZ),Procedimentos com finalidade diagnóstica,Diagnóstico por radiologia,Exames radiológicos da cabeça e pescoço,202606
0204010047,RADIOGRAFIA DE ARCADA ZIGOMATICO-MALAR (AP+ OBLIQUAS),Procedimentos com finalidade diagnóstica,Diagnóstico por radiologia,Exames radiológicos da cabeça e pescoço,202606
0204010055,RADIOGRAFIA DE ARTICULACAO TEMPORO-MANDIBULAR BILATERAL,Procedimentos com finalidade diagnóstica,Diagnóstico por radiologia,Exames radiológicos da cabeça e pescoço,202606
0204010063,RADIOGRAFIA DE CAVUM (LATERAL + HIRTZ),Procedimentos com finalidade diagnóstica,Diagnóstico por radiologia,Exames radiológicos da cabeça e pescoço,202606
0204010071,RADIOGRAFIA DE CRANIO (PA + LATERAL + OBLÍQUA / BRETTON + HIRTZ),Procedimentos com finalidade diagnóstica,Diagnóstico por radiologia,Exames radiológicos da cabeça e pescoço,202606
0204010080,RADIOGRAFIA DE CRANIO (PA + LATERAL),Procedimentos com finalidade diagnóstica,Diagnóstico por radiologia,Exames radiológicos da cabeça e pescoço,202606
0204010098,RADIOGRAFIA DE LARINGE,Procedimentos com finalidade diagnóstica,Diagnóstico por radiologia,Exames radiológicos da cabeça e pescoço,202606
0204010101,RADIOGRAFIA DE MASTOIDE / ROCHEDOS (BILATERAL),Procedimentos com finalidade diagnóstica,Diagnóstico por radiologia,Exames radiológicos da cabeça e pescoço,202606
0204010110,RADIOGRAFIA DE MAXILAR (PA + OBLIQUA),Procedimentos com finalidade diagnóstica,Diagnóstico por radiologia,Exames radiológicos da cabeça e pescoço,202606
0204010128,RADIOGRAFIA DE OSSOS DA FACE (MN + LATERAL + HIRTZ),Procedimentos com finalidade diagnóstica,Diagnóstico por radiologia,Exames radiológicos da cabeça e pescoço,202606
0204010136,RADIOGRAFIA DE REGIAO ORBITARIA (LOCALIZACAO DE CORPO ESTRANHO),Procedimentos com finalidade diagnóstica,Diagnóstico por radiologia,Exames radiológicos da cabeça e pescoço,202606
0204010144,RADIOGRAFIA DE SEIOS DA FACE (FN + MN + LATERAL + HIRTZ),Procedimentos com finalidade diagnóstica,Diagnóstico por radiologia,Exames radiológicos da cabeça e pescoço,202606
0204010152,RADIOGRAFIA DE SELA TURSICA (PA + LATERAL + BRETTON),Procedimentos com finalidade diagnóstica,Diagnóstico por radiologia,Exames radiológicos da cabeça e pescoço,202606
0204010160,RADIOGRAFIA OCLUSAL,Procedimentos com finalidade diagnóstica,Diagnóstico por radiologia,Exames radiológicos da cabeça e pescoço,202606
0204010179,RADIOGRAFIA PANORAMICA,Procedimentos com finalidade diagnóstica,Diagnóstico por radiologia,Exames radiológicos da cabeça e pescoço,202606
0204010195,SIALOGRAFIA (POR GLANDULA),Procedimentos com finalidade diagnóstica,Diagnóstico por radiologia,Exames radiológicos da cabeça e pescoço,202606
0204010209,TELERADIOGRAFIA COM TRACADOS E SEM TRACADOS,Procedimentos com finalidade diagnóstica,Diagnóstico por radiologia,Exames radiológicos da cabeça e pescoço,202606
0204010217,RADIOGRAFIA INTERPROXIMAL (BITE WING),Procedimentos com finalidade diagnóstica,Diagnóstico por radiologia,Exames radiológicos da cabeça e pescoço,202606
0204010225,RADIOGRAFIA PERIAPICAL,Procedimentos com finalidade diagnóstica,Diagnóstico por radiologia,Exames radiológicos da cabeça e pescoço,202606
0204020018,MIELOGRAFIA,Procedimentos com finalidade diagnóstica,Diagnóstico por radiologia,Exames radiológicos da coluna vertebral,202606
0204020026,PLANIGRAFIA DE COLUNA VERTEBRAL,Procedimentos com finalidade diagnóstica,Diagnóstico por radiologia,Exames radiológicos da coluna vertebral,202606
0204020034,RADIOGRAFIA DE COLUNA CERVICAL (AP + LATERAL + TO + OBLIQUAS),Procedimentos com finalidade diagnóstica,Diagnóstico por radiologia,Exames radiológicos da coluna vertebral,202606
0204020042,RADIOGRAFIA DE COLUNA CERVICAL (AP + LATERAL + TO / FLEXAO),Procedimentos com finalidade diagnóstica,Diagnóstico por radiologia,Exames radiológicos da coluna vertebral,202606
0204020050,RADIOGRAFIA DE COLUNA CERVICAL FUNCIONAL / DINAMICA,Procedimentos com finalidade diagnóstica,Diagnóstico por radiologia,Exames radiológicos da coluna vertebral,202606
0204020069,RADIOGRAFIA DE COLUNA LOMBO-SACRA,Procedimentos com finalidade diagnóstica,Diagnóstico por radiologia,Exames radiológicos da coluna vertebral,202606
0204020077,RADIOGRAFIA DE COLUNA LOMBO-SACRA (C/ OBLIQUAS),Procedimentos com finalidade diagnóstica,Diagnóstico por radiologia,Exames radiológicos da coluna vertebral,202606
0204020085,RADIOGRAFIA DE COLUNA LOMBO-SACRA FUNCIONAL / DINAMICA,Procedimentos com finalidade diagnóstica,Diagnóstico por radiologia,Exames radiológicos da coluna vertebral,202606
0204020093,RADIOGRAFIA DE COLUNA TORACICA (AP + LATERAL),Procedimentos com finalidade diagnóstica,Diagnóstico por radiologia,Exames radiológicos da coluna vertebral,202606
0204020107,RADIOGRAFIA DE COLUNA TORACO-LOMBAR,Procedimentos com finalidade diagnóstica,Diagnóstico por radiologia,Exames radiológicos da coluna vertebral,202606
0204020115,RADIOGRAFIA DE COLUNA TORACO-LOMBAR DINAMICA,Procedimentos com finalidade diagnóstica,Diagnóstico por radiologia,Exames radiológicos da coluna vertebral,202606
0204020123,RADIOGRAFIA DE REGIAO SACRO-COCCIGEA,Procedimentos com finalidade diagnóstica,Diagnóstico por radiologia,Exames radiológicos da coluna vertebral,202606
0204020131,RADIOGRAFIA PANORAMICA DE COLUNA TOTAL- TELESPONDILOGRAFIA ( P/ ESCOLIOSE),Procedimentos com finalidade diagnóstica,Diagnóstico por radiologia,Exames radiológicos da coluna vertebral,202606
0204030013,BRONCOGRAFIA UNILATERAL,Procedimentos com finalidade diagnóstica,Diagnóstico por radiologia,Exames radiológicos do torax e mediastino,202606
0204030021,DUCTOGRAFIA (POR MAMA),Procedimentos com finalidade diagnóstica,Diagnóstico por radiologia,Exames radiológicos do torax e mediastino,202606
0204030030,MAMOGRAFIA,Procedimentos com finalidade diagnóstica,Diagnóstico por radiologia,Exames radiológicos do torax e mediastino,202606
0204030048,MARCACAO PRE-CIRURGICA DE LESAO NAO PALPAVEL DE MAMA ASSOCIADA A MAMOGRAFIA,Procedimentos com finalidade diagnóstica,Diagnóstico por radiologia,Exames radiológicos do torax e mediastino,202606
0204030056,RADIOGRAFIA DE CORACAO E VASOS DA BASE (PA + LATERAL + OBLIQUA),Procedimentos com finalidade diagnóstica,Diagnóstico por radiologia,Exames radiológicos do torax e mediastino,202606
0204030064,RADIOGRAFIA DE CORACAO E VASOS DA BASE (PA + LATERAL),Procedimentos com finalidade diagnóstica,Diagnóstico por radiologia,Exames radiológicos do torax e mediastino,202606
0204030072,RADIOGRAFIA DE COSTELAS (POR HEMITORAX),Procedimentos com finalidade diagnóstica,Diagnóstico por radiologia,Exames radiológicos do torax e mediastino,202606
0204030080,RADIOGRAFIA DE ESOFAGO,Procedimentos com finalidade diagnóstica,Diagnóstico por radiologia,Exames radiológicos do torax e mediastino,202606
0204030099,RADIOGRAFIA DE ESTERNO,Procedimentos com finalidade diagnóstica,Diagnóstico por radiologia,Exames radiológicos do torax e mediastino,202606
0204030102,RADIOGRAFIA DE MEDIASTINO (PA E PERFIL),Procedimentos com finalidade diagnóstica,Diagnóstico por radiologia,Exames radiológicos do torax e mediastino,202606
0204030110,RADIOGRAFIA DE PNEUMOMEDIASTINO,Procedimentos com finalidade diagnóstica,Diagnóstico por radiologia,Exames radiológicos do torax e mediastino,202606
0204030129,RADIOGRAFIA DE TORAX (APICO-LORDORTICA),Procedimentos com finalidade diagnóstica,Diagnóstico por radiologia,Exames radiológicos do torax e mediastino,202606
0204030137,RADIOGRAFIA DE TÓRAX (PA + INSPIRAÇÃO + EXPIRAÇÃO + LATERAL),Procedimentos com finalidade diagnóstica,Diagnóstico por radiologia,Exames radiológicos do torax e mediastino,202606
0204030145,RADIOGRAFIA DE TORAX (PA + LATERAL + OBLIQUA),Procedimentos com finalidade diagnóstica,Diagnóstico por radiologia,Exames radiológicos do torax e mediastino,202606
0204030153,RADIOGRAFIA DE TORAX (PA E PERFIL),Procedimentos com finalidade diagnóstica,Diagnóstico por radiologia,Exames radiológicos do torax e mediastino,202606
0204030161,RADIOGRAFIA DE TORAX (PA PADRAO OIT),Procedimentos com finalidade diagnóstica,Diagnóstico por radiologia,Exames radiológicos do torax e mediastino,202606
0204030170,RADIOGRAFIA DE TORAX (PA),Procedimentos com finalidade diagnóstica,Diagnóstico por radiologia,Exames radiológicos do torax e mediastino,202606
0204030188,MAMOGRAFIA BILATERAL PARA RASTREAMENTO,Procedimentos com finalidade diagnóstica,Diagnóstico por radiologia,Exames radiológicos do torax e mediastino,202606
0204040019,RADIOGRAFIA DE ANTEBRACO,Procedimentos com finalidade diagnóstica,Diagnóstico por radiologia,Exames radiológicos da cintura escapular e dos membros superiores,202606
0204040027,RADIOGRAFIA DE ARTICULACAO ACROMIO-CLAVICULAR,Procedimentos com finalidade diagnóstica,Diagnóstico por radiologia,Exames radiológicos da cintura escapular e dos membros superiores,202606
0204040035,RADIOGRAFIA DE ARTICULACAO ESCAPULO-UMERAL,Procedimentos com finalidade diagnóstica,Diagnóstico por radiologia,Exames radiológicos da cintura escapular e dos membros superiores,202606
0204040043,RADIOGRAFIA DE ARTICULACAO ESTERNO-CLAVICULAR,Procedimentos com finalidade diagnóstica,Diagnóstico por radiologia,Exames radiológicos da cintura escapular e dos membros superiores,202606
0204040051,RADIOGRAFIA DE BRACO,Procedimentos com finalidade diagnóstica,Diagnóstico por radiologia,Exames radiológicos da cintura escapular e dos membros superiores,202606
0204040060,RADIOGRAFIA DE CLAVICULA,Procedimentos com finalidade diagnóstica,Diagnóstico por radiologia,Exames radiológicos da cintura escapular e dos membros superiores,202606
0204040078,RADIOGRAFIA DE COTOVELO,Procedimentos com finalidade diagnóstica,Diagnóstico por radiologia,Exames radiológicos da cintura escapular e dos membros superiores,202606
0204040086,RADIOGRAFIA DE DEDOS DA MAO,Procedimentos com finalidade diagnóstica,Diagnóstico por radiologia,Exames radiológicos da cintura escapular e dos membros superiores,202606
0204040094,RADIOGRAFIA DE MAO,Procedimentos com finalidade diagnóstica,Diagnóstico por radiologia,Exames radiológicos da cintura escapular e dos membros superiores,202606
0204040108,RADIOGRAFIA DE MAO E PUNHO (P/ DETERMINACAO DE IDADE OSSEA),Procedimentos com finalidade diagnóstica,Diagnóstico por radiologia,Exames radiológicos da cintura escapular e dos membros superiores,202606
0204040116,RADIOGRAFIA DE ESCAPULA/OMBRO (TRES POSICOES),Procedimentos com finalidade diagnóstica,Diagnóstico por radiologia,Exames radiológicos da cintura escapular e dos membros superiores,202606
0204040124,RADIOGRAFIA DE PUNHO (AP + LATERAL + OBLIQUA),Procedimentos com finalidade diagnóstica,Diagnóstico por radiologia,Exames radiológicos da cintura escapular e dos membros superiores,202606
0204050014,CLISTER OPACO C/ DUPLO CONTRASTE,Procedimentos com finalidade diagnóstica,Diagnóstico por radiologia,Exames radiológicos do abdomen e pelve,202606
0204050022,COLANGIOGRAFIA PER-OPERATORIA,Procedimentos com finalidade diagnóstica,Diagnóstico por radiologia,Exames radiológicos do abdomen e pelve,202606
0204050030,COLANGIOGRAFIA POS-OPERATORIA,Procedimentos com finalidade diagnóstica,Diagnóstico por radiologia,Exames radiológicos do abdomen e pelve,202606
0204050049,DUODENOGRAFIA HIPOTONICA,Procedimentos com finalidade diagnóstica,Diagnóstico por radiologia,Exames radiológicos do abdomen e pelve,202606
0204050057,FISTULOGRAFIA,Procedimentos com finalidade diagnóstica,Diagnóstico por radiologia,Exames radiológicos do abdomen e pelve,202606
0204050065,HISTEROSSALPINGOGRAFIA,Procedimentos com finalidade diagnóstica,Diagnóstico por radiologia,Exames radiológicos do abdomen e pelve,202606
0204050073,PIELOGRAFIA ANTEROGRADA PERCUTANEA,Procedimentos com finalidade diagnóstica,Diagnóstico por radiologia,Exames radiológicos do abdomen e pelve,202606
0204050081,PIELOGRAFIA ASCENDENTE,Procedimentos com finalidade diagnóstica,Diagnóstico por radiologia,Exames radiológicos do abdomen e pelve,202606
0204050090,PLANIGRAFIA DE RIM C/ CONTRASTE,Procedimentos com finalidade diagnóstica,Diagnóstico por radiologia,Exames radiológicos do abdomen e pelve,202606
0204050103,PLANIGRAFIA DE RIM S/ CONTRASTE,Procedimentos com finalidade diagnóstica,Diagnóstico por radiologia,Exames radiológicos do abdomen e pelve,202606
0204050111,RADIOGRAFIA DE ABDOMEN (AP + LATERAL / LOCALIZADA),Procedimentos com finalidade diagnóstica,Diagnóstico por radiologia,Exames radiológicos do abdomen e pelve,202606
0204050120,RADIOGRAFIA DE ABDOMEN AGUDO (MINIMO DE 3 INCIDENCIAS),Procedimentos com finalidade diagnóstica,Diagnóstico por radiologia,Exames radiológicos do abdomen e pelve,202606
0204050138,RADIOGRAFIA DE ABDOMEN SIMPLES (AP),Procedimentos com finalidade diagnóstica,Diagnóstico por radiologia,Exames radiológicos do abdomen e pelve,202606
0204050146,RADIOGRAFIA DE ESTOMAGO E DUODENO,Procedimentos com finalidade diagnóstica,Diagnóstico por radiologia,Exames radiológicos do abdomen e pelve,202606
0204050154,RADIOGRAFIA DE INTESTINO DELGADO (TRANSITO),Procedimentos com finalidade diagnóstica,Diagnóstico por radiologia,Exames radiológicos do abdomen e pelve,202606
0204050162,RADIOGRAFIA P/ ESTUDO DO DELGADO C/ DUPLO CONTRASTE (ENTEROCLISE),Procedimentos com finalidade diagnóstica,Diagnóstico por radiologia,Exames radiológicos do abdomen e pelve,202606
0204050170,URETROCISTOGRAFIA,Procedimentos com finalidade diagnóstica,Diagnóstico por radiologia,Exames radiológicos do abdomen e pelve,202606
0204050189,UROGRAFIA VENOSA,Procedimentos com finalidade diagnóstica,Diagnóstico por radiologia,Exames radiológicos do abdomen e pelve,202606
0204060010,ARTROGRAFIA,Procedimentos com finalidade diagnóstica,Diagnóstico por radiologia,Exames radiológicos da cintura pélvica e dos membros inferiores,202606
0204060028,DENSITOMETRIA OSSEA DUO-ENERGETICA DE COLUNA (VERTEBRAS LOMBARES E/OU FEMUR),Procedimentos com finalidade diagnóstica,Diagnóstico por radiologia,Exames radiológicos da cintura pélvica e dos membros inferiores,202606
0204060036,ESCANOMETRIA,Procedimentos com finalidade diagnóstica,Diagnóstico por radiologia,Exames radiológicos da cintura pélvica e dos membros inferiores,202606
0204060044,PLANIGRAFIA DE OSSO - SUBSIDIARIA A OUTROS EXAMES (POR PLANO),Procedimentos com finalidade diagnóstica,Diagnóstico por radiologia,Exames radiológicos da cintura pélvica e dos membros inferiores,202606
0204060052,PLANIGRAFIA DE OSSO EM 2 PLANOS,Procedimentos com finalidade diagnóstica,Diagnóstico por radiologia,Exames radiológicos da cintura pélvica e dos membros inferiores,202606
0204060060,RADIOGRAFIA DE ARTICULACAO COXO-FEMORAL,Procedimentos com finalidade diagnóstica,Diagnóstico por radiologia,Exames radiológicos da cintura pélvica e dos membros inferiores,202606
0204060079,RADIOGRAFIA DE ARTICULACAO SACRO-ILIACA,Procedimentos com finalidade diagnóstica,Diagnóstico por radiologia,Exames radiológicos da cintura pélvica e dos membros inferiores,202606
0204060087,RADIOGRAFIA DE ARTICULACAO TIBIO-TARSICA,Procedimentos com finalidade diagnóstica,Diagnóstico por radiologia,Exames radiológicos da cintura pélvica e dos membros inferiores,202606
0204060095,RADIOGRAFIA DE BACIA,Procedimentos com finalidade diagnóstica,Diagnóstico por radiologia,Exames radiológicos da cintura pélvica e dos membros inferiores,202606
0204060109,RADIOGRAFIA DE CALCANEO,Procedimentos com finalidade diagnóstica,Diagnóstico por radiologia,Exames radiológicos da cintura pélvica e dos membros inferiores,202606
0204060117,RADIOGRAFIA DE COXA,Procedimentos com finalidade diagnóstica,Diagnóstico por radiologia,Exames radiológicos da cintura pélvica e dos membros inferiores,202606
0204060125,RADIOGRAFIA DE JOELHO (AP + LATERAL),Procedimentos com finalidade diagnóstica,Diagnóstico por radiologia,Exames radiológicos da cintura pélvica e dos membros inferiores,202606
0204060133,RADIOGRAFIA DE JOELHO OU PATELA (AP + LATERAL + AXIAL),Procedimentos com finalidade diagnóstica,Diagnóstico por radiologia,Exames radiológicos da cintura pélvica e dos membros inferiores,202606
0204060141,RADIOGRAFIA DE JOELHO OU PATELA (AP + LATERAL + OBLIQUA + 3 AXIAIS),Procedimentos com finalidade diagnóstica,Diagnóstico por radiologia,Exames radiológicos da cintura pélvica e dos membros inferiores,202606
0204060150,RADIOGRAFIA DE PE / DEDOS DO PE,Procedimentos com finalidade diagnóstica,Diagnóstico por radiologia,Exames radiológicos da cintura pélvica e dos membros inferiores,202606
0204060168,RADIOGRAFIA DE PERNA,Procedimentos com finalidade diagnóstica,Diagnóstico por radiologia,Exames radiológicos da cintura pélvica e dos membros inferiores,202606
0204060176,RADIOGRAFIA PANORAMICA DE MEMBROS INFERIORES,Procedimentos com finalidade diagnóstica,Diagnóstico por radiologia,Exames radiológicos da cintura pélvica e dos membros inferiores,202606
0205010016,ECOCARDIOGRAFIA DE ESTRESSE,Procedimentos com finalidade diagnóstica,Diagnóstico por ultrasonografia,Ultra-sonografias do sistema circulatório (qualquer região anatômica),202606
0205010024,ECOCARDIOGRAFIA TRANSESOFAGICA,Procedimentos com finalidade diagnóstica,Diagnóstico por ultrasonografia,Ultra-sonografias do sistema circulatório (qualquer região anatômica),202606
0205010032,ECOCARDIOGRAFIA TRANSTORACICA,Procedimentos com finalidade diagnóstica,Diagnóstico por ultrasonografia,Ultra-sonografias do sistema circulatório (qualquer região anatômica),202606
0205010040,ULTRASSONOGRAFIA DOPPLER COLORIDO DE VASOS,Procedimentos com finalidade diagnóstica,Diagnóstico por ultrasonografia,Ultra-sonografias do sistema circulatório (qualquer região anatômica),202606
0205010059,ULTRASSONOGRAFIA DOPPLER DE FLUXO OBSTETRICO,Procedimentos com finalidade diagnóstica,Diagnóstico por ultrasonografia,Ultra-sonografias do sistema circulatório (qualquer região anatômica),202606
0205020011,ECODOPPLER TRANSCRANIANO,Procedimentos com finalidade diagnóstica,Diagnóstico por ultrasonografia,Ultra-sonografias dos demais sistemas,202606
0205020020,PAQUIMETRIA ULTRASSÔNICA,Procedimentos com finalidade diagnóstica,Diagnóstico por ultrasonografia,Ultra-sonografias dos demais sistemas,202606
0205020038,ULTRASSONOGRAFIA DE ABDÔMEN SUPERIOR,Procedimentos com finalidade diagnóstica,Diagnóstico por ultrasonografia,Ultra-sonografias dos demais sistemas,202606
0205020046,ULTRASSONOGRAFIA DE ABDOMEN TOTAL,Procedimentos com finalidade diagnóstica,Diagnóstico por ultrasonografia,Ultra-sonografias dos demais sistemas,202606
0205020054,ULTRASSONOGRAFIA DE APARELHO URINÁRIO,Procedimentos com finalidade diagnóstica,Diagnóstico por ultrasonografia,Ultra-sonografias dos demais sistemas,202606
0205020062,ULTRASSONOGRAFIA DE ARTICULACAO,Procedimentos com finalidade diagnóstica,Diagnóstico por ultrasonografia,Ultra-sonografias dos demais sistemas,202606
0205020070,ULTRASSONOGRAFIA DE BOLSA ESCROTAL,Procedimentos com finalidade diagnóstica,Diagnóstico por ultrasonografia,Ultra-sonografias dos demais sistemas,202606
0205020089,ULTRASSONOGRAFIA DE GLOBO OCULAR / ORBITA (MONOCULAR),Procedimentos com finalidade diagnóstica,Diagnóstico por ultrasonografia,Ultra-sonografias dos demais sistemas,202606
0205020097,ULTRASSONOGRAFIA MAMARIA BILATERAL,Procedimentos com finalidade diagnóstica,Diagnóstico por ultrasonografia,Ultra-sonografias dos demais sistemas,202606
0205020100,ULTRASSONOGRAFIA DE PROSTATA POR VIA ABDOMINAL,Procedimentos com finalidade diagnóstica,Diagnóstico por ultrasonografia,Ultra-sonografias dos demais sistemas,202606
0205020119,ULTRASSONOGRAFIA DE PROSTATA (VIA TRANSRETAL),Procedimentos com finalidade diagnóstica,Diagnóstico por ultrasonografia,Ultra-sonografias dos demais sistemas,202606
0205020127,ULTRASSONOGRAFIA DE TIREOIDE,Procedimentos com finalidade diagnóstica,Diagnóstico por ultrasonografia,Ultra-sonografias dos demais sistemas,202606
0205020135,ULTRASSONOGRAFIA DE TORAX (EXTRACARDIACA),Procedimentos com finalidade diagnóstica,Diagnóstico por ultrasonografia,Ultra-sonografias dos demais sistemas,202606
0205020143,ULTRASSONOGRAFIA OBSTETRICA,Procedimentos com finalidade diagnóstica,Diagnóstico por ultrasonografia,Ultra-sonografias dos demais sistemas,202606
0205020151,ULTRASSONOGRAFIA OBSTETRICA C/ DOPPLER COLORIDO E PULSADO,Procedimentos com finalidade diagnóstica,Diagnóstico por ultrasonografia,Ultra-sonografias dos demais sistemas,202606
0205020160,ULTRASSONOGRAFIA PELVICA (GINECOLOGICA),Procedimentos com finalidade diagnóstica,Diagnóstico por ultrasonografia,Ultra-sonografias dos demais sistemas,202606
0205020178,ULTRASSONOGRAFIA TRANSFONTANELA,Procedimentos com finalidade diagnóstica,Diagnóstico por ultrasonografia,Ultra-sonografias dos demais sistemas,202606
0205020186,ULTRASSONOGRAFIA TRANSVAGINAL,Procedimentos com finalidade diagnóstica,Diagnóstico por ultrasonografia,Ultra-sonografias dos demais sistemas,202606
0205020194,MARCACAO DE LESAO PRE-CIRURGICA DE LESAO NAO PALPAVEL DE MAMA ASSOCIADA A ULTRASSONOGRAFIA,Procedimentos com finalidade diagnóstica,Diagnóstico por ultrasonografia,Ultra-sonografias dos demais sistemas,202606
0205020224,ELASTOGRAFIA HEPÁTICA ULTRASSÔNICA,Procedimentos com finalidade diagnóstica,Diagnóstico por ultrasonografia,Ultra-sonografias dos demais sistemas,202606
0206010010,TOMOGRAFIA COMPUTADORIZADA DE COLUNA CERVICAL C/ OU S/ CONTRASTE,Procedimentos com finalidade diagnóstica,Diagnóstico por tomografia,"Tomografia da cabeça, pescoço e coluna vertebral",202606
0206010028,TOMOGRAFIA COMPUTADORIZADA DE COLUNA LOMBO-SACRA C/ OU S/ CONTRASTE,Procedimentos com finalidade diagnóstica,Diagnóstico por tomografia,"Tomografia da cabeça, pescoço e coluna vertebral",202606
0206010036,TOMOGRAFIA COMPUTADORIZADA DE COLUNA TORACICA C/ OU S/ CONTRASTE,Procedimentos com finalidade diagnóstica,Diagnóstico por tomografia,"Tomografia da cabeça, pescoço e coluna vertebral",202606
0206010044,TOMOGRAFIA COMPUTADORIZADA DE FACE / SEIOS DA FACE / ARTICULACOES TEMPORO-MANDIBULARES,Procedimentos com finalidade diagnóstica,Diagnóstico por tomografia,"Tomografia da cabeça, pescoço e coluna vertebral",202606
0206010052,TOMOGRAFIA COMPUTADORIZADA DO PESCOCO,Procedimentos com finalidade diagnóstica,Diagnóstico por tomografia,"Tomografia da cabeça, pescoço e coluna vertebral",202606
0206010060,TOMOGRAFIA COMPUTADORIZADA DE SELA TURCICA,Procedimentos com finalidade diagnóstica,Diagnóstico por tomografia,"Tomografia da cabeça, pescoço e coluna vertebral",202606
0206010079,TOMOGRAFIA COMPUTADORIZADA DO CRANIO,Procedimentos com finalidade diagnóstica,Diagnóstico por tomografia,"Tomografia da cabeça, pescoço e coluna vertebral",202606
0206010087,TOMOMIELOGRAFIA COMPUTADORIZADA,Procedimentos com finalidade diagnóstica,Diagnóstico por tomografia,"Tomografia da cabeça, pescoço e coluna vertebral",202606
0206010095,TOMOGRAFIA POR EMISSÃO DE PÓSITRONS (PET-CT),Procedimentos com finalidade diagnóstica,Diagnóstico por tomografia,"Tomografia da cabeça, pescoço e coluna vertebral",202606
0206020015,TOMOGRAFIA COMPUTADORIZADA DE ARTICULACOES DE MEMBRO SUPERIOR,Procedimentos com finalidade diagnóstica,Diagnóstico por tomografia,Tomografia do torax e membros superiores,202606
0206020023,"TOMOGRAFIA COMPUTADORIZADA DE SEGMENTOS APENDICULARES - (BRACO, ANTEBRAÇO, MÃO, COXA, PERNA, PÉ)",Procedimentos com finalidade diagnóstica,Diagnóstico por tomografia,Tomografia do torax e membros superiores,202606
0206020031,TOMOGRAFIA COMPUTADORIZADA DE TORAX,Procedimentos com finalidade diagnóstica,Diagnóstico por tomografia,Tomografia do torax e membros superiores,202606
0206020040,"TOMOGRAFIA DE HEMITORAX, PULMÃO OU DO MEDIASTINO",Procedimentos com finalidade diagnóstica,Diagnóstico por tomografia,Tomografia do torax e membros superiores,202606
0206030010,TOMOGRAFIA COMPUTADORIZADA DE ABDOMEN SUPERIOR,Procedimentos com finalidade diagnóstica,Diagnóstico por tomografia,"Tomografia do abdomen, pelve e membros inferiores",202606
0206030029,TOMOGRAFIA COMPUTADORIZADA DE ARTICULACOES DE MEMBRO INFERIOR,Procedimentos com finalidade diagnóstica,Diagnóstico por tomografia,"Tomografia do abdomen, pelve e membros inferiores",202606
0206030037,TOMOGRAFIA COMPUTADORIZADA DE PELVE / BACIA / ABDOMEN INFERIOR,Procedimentos com finalidade diagnóstica,Diagnóstico por tomografia,"Tomografia do abdomen, pelve e membros inferiores",202606
0207010013,ANGIORESSONANCIA CEREBRAL,Procedimentos com finalidade diagnóstica,Diagnóstico por ressonância magnética,"RM da cabeça, pescoço e coluna vertebral",202606
0207010021,RESSONANCIA MAGNETICA DE ARTICULACAO TEMPORO-MANDIBULAR (BILATERAL),Procedimentos com finalidade diagnóstica,Diagnóstico por ressonância magnética,"RM da cabeça, pescoço e coluna vertebral",202606
0207010030,RESSONANCIA MAGNETICA DE COLUNA CERVICAL/PESCOÇO,Procedimentos com finalidade diagnóstica,Diagnóstico por ressonância magnética,"RM da cabeça, pescoço e coluna vertebral",202606
0207010048,RESSONANCIA MAGNETICA DE COLUNA LOMBO-SACRA,Procedimentos com finalidade diagnóstica,Diagnóstico por ressonância magnética,"RM da cabeça, pescoço e coluna vertebral",202606
0207010056,RESSONANCIA MAGNETICA DE COLUNA TORACICA,Procedimentos com finalidade diagnóstica,Diagnóstico por ressonância magnética,"RM da cabeça, pescoço e coluna vertebral",202606
0207010064,RESSONANCIA MAGNETICA DE CRANIO,Procedimentos com finalidade diagnóstica,Diagnóstico por ressonância magnética,"RM da cabeça, pescoço e coluna vertebral",202606
0207010072,RESSONANCIA MAGNETICA DE SELA TURCICA,Procedimentos com finalidade diagnóstica,Diagnóstico por ressonância magnética,"RM da cabeça, pescoço e coluna vertebral",202606
0207020019,RESSONANCIA MAGNETICA DE CORACAO / AORTA C/ CINE,Procedimentos com finalidade diagnóstica,Diagnóstico por ressonância magnética,RM do torax e membros superiores,202606
0207020027,RESSONANCIA MAGNETICA DE MEMBRO SUPERIOR (UNILATERAL),Procedimentos com finalidade diagnóstica,Diagnóstico por ressonância magnética,RM do torax e membros superiores,202606
0207020035,RESSONANCIA MAGNETICA DE TORAX,Procedimentos com finalidade diagnóstica,Diagnóstico por ressonância magnética,RM do torax e membros superiores,202606
0207020060,RESSONÂNCIA MAGNÉTICA DA MAMA,Procedimentos com finalidade diagnóstica,Diagnóstico por ressonância magnética,RM do torax e membros superiores,202606
0207030014,RESSONANCIA MAGNETICA DE ABDOMEN SUPERIOR,Procedimentos com finalidade diagnóstica,Diagnóstico por ressonância magnética,"RM do abdomen, pelve e membros inferiores",202606
0207030022,RESSONANCIA MAGNETICA DE BACIA / PELVE / ABDOMEN INFERIOR,Procedimentos com finalidade diagnóstica,Diagnóstico por ressonância magnética,"RM do abdomen, pelve e membros inferiores",202606
0207030030,RESSONANCIA MAGNETICA DE MEMBRO INFERIOR (UNILATERAL),Procedimentos com finalidade diagnóstica,Diagnóstico por ressonância magnética,"RM do abdomen, pelve e membros inferiores",202606
0207030049,RESSONANCIA MAGNETICA DE VIAS BILIARES/COLANGIORRESSONANCIA,Procedimentos com finalidade diagnóstica,Diagnóstico por ressonância magnética,"RM do abdomen, pelve e membros inferiores",202606
0207030057,RESSONÂNCIA MAGNÈTICA MULTIPARAMÈTRICA DA PROSTATA,Procedimentos com finalidade diagnóstica,Diagnóstico por ressonância magnética,"RM do abdomen, pelve e membros inferiores",202606
0208010017,CINTILOGRAFIA DE CORACAO C/ GALIO 67,Procedimentos com finalidade diagnóstica,Diagnóstico por medicina nuclear in vivo,Aparelho cardiovascular,202606
0208010025,CINTILOGRAFIA DE MIOCARDIO P/ AVALIACAO DA PERFUSAO EM SITUACAO DE ESTRESSE (MINIMO 3 PROJECOES),Procedimentos com finalidade diagnóstica,Diagnóstico por medicina nuclear in vivo,Aparelho cardiovascular,202606
0208010033,CINTILOGRAFIA DE MIOCARDIO P/ AVALIACAO DA PERFUSAO EM SITUACAO DE REPOUSO (MINIMO 3 PROJECOES),Procedimentos com finalidade diagnóstica,Diagnóstico por medicina nuclear in vivo,Aparelho cardiovascular,202606
0208010041,CINTILOGRAFIA DE MIOCARDIO P/ LOCALIZACAO DE NECROSE (MINIMO 3 PROJECOES ),Procedimentos com finalidade diagnóstica,Diagnóstico por medicina nuclear in vivo,Aparelho cardiovascular,202606
0208010050,CINTILOGRAFIA P/ AVALIACAO DE FLUXO SANGUINEO DE EXTREMIDADES,Procedimentos com finalidade diagnóstica,Diagnóstico por medicina nuclear in vivo,Aparelho cardiovascular,202606
0208010068,CINTILOGRAFIA P/ QUANTIFICACAO DE SHUNT EXTRACARDIACO,Procedimentos com finalidade diagnóstica,Diagnóstico por medicina nuclear in vivo,Aparelho cardiovascular,202606
0208010076,CINTILOGRAFIA SINCRONIZADA DE CAMARAS CARDIACAS EM SITUACAO DE ESFORCO,Procedimentos com finalidade diagnóstica,Diagnóstico por medicina nuclear in vivo,Aparelho cardiovascular,202606
0208010084,CINTILOGRAFIA SINCRONIZADA DE CAMARAS CARDIACAS EM SITUACAO DE REPOUSO (VENTRICULOGRAFIA),Procedimentos com finalidade diagnóstica,Diagnóstico por medicina nuclear in vivo,Aparelho cardiovascular,202606
0208010092,DETERMINACAO DE FLUXO SANGUINEO REGIONAL,Procedimentos com finalidade diagnóstica,Diagnóstico por medicina nuclear in vivo,Aparelho cardiovascular,202606
0208020012,CINTILOGRAFIA DE FIGADO E BACO (MINIMO 5 IMAGENS),Procedimentos com finalidade diagnóstica,Diagnóstico por medicina nuclear in vivo,Aparelho digestivo,202606
0208020020,CINTILOGRAFIA DE FIGADO E VIAS BILIARES,Procedimentos com finalidade diagnóstica,Diagnóstico por medicina nuclear in vivo,Aparelho digestivo,202606
0208020039,CINTILOGRAFIA DE GLANDULAS SALIVARES C/ OU S/ ESTIMULO,Procedimentos com finalidade diagnóstica,Diagnóstico por medicina nuclear in vivo,Aparelho digestivo,202606
0208020047,CINTILOGRAFIA DE PANCREAS,Procedimentos com finalidade diagnóstica,Diagnóstico por medicina nuclear in vivo,Aparelho digestivo,202606
0208020055,CINTILOGRAFIA P/ ESTUDO DE TRANSITO ESOFAGICO (LIQUIDO),Procedimentos com finalidade diagnóstica,Diagnóstico por medicina nuclear in vivo,Aparelho digestivo,202606
0208020063,CINTILOGRAFIA P/ ESTUDO DE TRANSITO ESOFAGICO (SEMI-SOLIDO),Procedimentos com finalidade diagnóstica,Diagnóstico por medicina nuclear in vivo,Aparelho digestivo,202606
0208020071,CINTILOGRAFIA P/ ESTUDO DE TRANSITO GASTRICO,Procedimentos com finalidade diagnóstica,Diagnóstico por medicina nuclear in vivo,Aparelho digestivo,202606
0208020080,CINTILOGRAFIA P/ PESQUISA DE DIVERTICULOSE DE MECKEL,Procedimentos com finalidade diagnóstica,Diagnóstico por medicina nuclear in vivo,Aparelho digestivo,202606
0208020098,CINTILOGRAFIA P/ PESQUISA DE HEMORRAGIA DIGESTIVA ATIVA,Procedimentos com finalidade diagnóstica,Diagnóstico por medicina nuclear in vivo,Aparelho digestivo,202606
0208020101,CINTILOGRAFIA P/ PESQUISA DE HEMORRAGIA DIGESTIVA NAO ATIVA,Procedimentos com finalidade diagnóstica,Diagnóstico por medicina nuclear in vivo,Aparelho digestivo,202606
0208020110,CINTILOGRAFIA P/ PESQUISA DE REFLUXO GASTRO-ESOFAGICO,Procedimentos com finalidade diagnóstica,Diagnóstico por medicina nuclear in vivo,Aparelho digestivo,202606
0208020128,IMUNO-CINTILOGRAFIA (ANTICORPO MONOCLONAL),Procedimentos com finalidade diagnóstica,Diagnóstico por medicina nuclear in vivo,Aparelho digestivo,202606
0208030018,CINTILOGRAFIA DE PARATIREOIDES,Procedimentos com finalidade diagnóstica,Diagnóstico por medicina nuclear in vivo,Aparelho endócrino,202606
0208030026,CINTILOGRAFIA DE TIREÓIDE COM OU SEM CAPTAÇÃO,Procedimentos com finalidade diagnóstica,Diagnóstico por medicina nuclear in vivo,Aparelho endócrino,202606
0208030034,CINTILOGRAFIA DE TIREOIDE C/ TESTE DE SUPRESSAO / ESTIMULO,Procedimentos com finalidade diagnóstica,Diagnóstico por medicina nuclear in vivo,Aparelho endócrino,202606
0208030042,CINTILOGRAFIA P/ PESQUISA DO CORPO INTEIRO,Procedimentos com finalidade diagnóstica,Diagnóstico por medicina nuclear in vivo,Aparelho endócrino,202606
0208030050,TESTE DO PERCLORATO C/ RADIOISOTOPO,Procedimentos com finalidade diagnóstica,Diagnóstico por medicina nuclear in vivo,Aparelho endócrino,202606
0208040013,CAPTACAO DE IODO RADIOATIVO EM 24H,Procedimentos com finalidade diagnóstica,Diagnóstico por medicina nuclear in vivo,Aparelho geniturinário,202606
0208040021,CINTILOGRAFIA DE RIM C/ GALIO 67,Procedimentos com finalidade diagnóstica,Diagnóstico por medicina nuclear in vivo,Aparelho geniturinário,202606
0208040030,CINTILOGRAFIA DE TESTICULO E BOLSA ESCROTAL,Procedimentos com finalidade diagnóstica,Diagnóstico por medicina nuclear in vivo,Aparelho geniturinário,202606
0208040048,CINTILOGRAFIA P/ PESQUISA DO REFLUXO VESICO-URETERAL,Procedimentos com finalidade diagnóstica,Diagnóstico por medicina nuclear in vivo,Aparelho geniturinário,202606
0208040056,CINTILOGRAFIA RENAL/RENOGRAMA (QUALITATIVA E/OU QUANTITATIVA),Procedimentos com finalidade diagnóstica,Diagnóstico por medicina nuclear in vivo,Aparelho geniturinário,202606
0208040064,CISTOCINTILOGRAFIA DIRETA,Procedimentos com finalidade diagnóstica,Diagnóstico por medicina nuclear in vivo,Aparelho geniturinário,202606
0208040072,CISTOCINTILOGRAFIA INDIRETA,Procedimentos com finalidade diagnóstica,Diagnóstico por medicina nuclear in vivo,Aparelho geniturinário,202606
0208040080,DETERMINACAO DE FILTRACAO GLOMERULAR,Procedimentos com finalidade diagnóstica,Diagnóstico por medicina nuclear in vivo,Aparelho geniturinário,202606
0208040099,DETERMINACAO DE FLUXO PLASMATICO RENAL,Procedimentos com finalidade diagnóstica,Diagnóstico por medicina nuclear in vivo,Aparelho geniturinário,202606
0208040102,ESTUDO RENAL DINAMICO C/ OU S/ DIURETICO,Procedimentos com finalidade diagnóstica,Diagnóstico por medicina nuclear in vivo,Aparelho geniturinário,202606
0208050019,CINTILOGRAFIA DE ARTICULACOES E/OU EXTREMIDADES E/OU OSSO,Procedimentos com finalidade diagnóstica,Diagnóstico por medicina nuclear in vivo,Aparelho esquelético,202606
0208050027,CINTILOGRAFIA DE ESQUELETO (CORPO INTEIRO),Procedimentos com finalidade diagnóstica,Diagnóstico por medicina nuclear in vivo,Aparelho esquelético,202606
0208050035,CINTILOGRAFIA DE OSSOS COM OU SEM FLUXO SANGUÍNEO (CORPO INTEIRO),Procedimentos com finalidade diagnóstica,Diagnóstico por medicina nuclear in vivo,Aparelho esquelético,202606
0208050043,CINTILOGRAFIA DE SEGMENTO OSSEO C/ GALIO 67,Procedimentos com finalidade diagnóstica,Diagnóstico por medicina nuclear in vivo,Aparelho esquelético,202606
0208060014,CINTILOGRAFIA DE PERFUSAO CEREBRAL C/ TALIO (SPCTO),Procedimentos com finalidade diagnóstica,Diagnóstico por medicina nuclear in vivo,Aparelho nervoso,202606
0208060022,CISTERNOCINTILOGRAFIA (INCLUINDO PESQUISA E/OU AVALIACAO DO TRANSITO LIQUORICO),Procedimentos com finalidade diagnóstica,Diagnóstico por medicina nuclear in vivo,Aparelho nervoso,202606
0208060030,ESTUDO DE FLUXO SANGUINEO CEREBRAL,Procedimentos com finalidade diagnóstica,Diagnóstico por medicina nuclear in vivo,Aparelho nervoso,202606
0208070010,CINTILOGRAFIA DE PULMAO C/ GALIO 67,Procedimentos com finalidade diagnóstica,Diagnóstico por medicina nuclear in vivo,Aparelho respiratório,202606
0208070028,CINTILOGRAFIA DE PULMÃO P/ PESQUISA DE ASPIRAÇÃO,Procedimentos com finalidade diagnóstica,Diagnóstico por medicina nuclear in vivo,Aparelho respiratório,202606
0208070036,CINTILOGRAFIA DE PULMAO POR INALACAO (MINIMO 2 PROJECOES),Procedimentos com finalidade diagnóstica,Diagnóstico por medicina nuclear in vivo,Aparelho respiratório,202606
0208070044,CINTILOGRAFIA DE PULMAO POR PERFUSAO (MINIMO 4 PROJECOES),Procedimentos com finalidade diagnóstica,Diagnóstico por medicina nuclear in vivo,Aparelho respiratório,202606
0208080015,CINTILOGRAFIA DE SISTEMA RETICULO-ENDOTELIAL (MEDULA OSSEA),Procedimentos com finalidade diagnóstica,Diagnóstico por medicina nuclear in vivo,Aparelho hematológico,202606
0208080023,DEMONSTRACAO DE SEQUESTRO DE HEMACIAS PELO BACO (C/ RADIOISOTOPOS),Procedimentos com finalidade diagnóstica,Diagnóstico por medicina nuclear in vivo,Aparelho hematológico,202606
0208080031,DETERMINACAO DE SOBREVIDA DE HEMACIAS (C/ RADIOSOTOPOS),Procedimentos com finalidade diagnóstica,Diagnóstico por medicina nuclear in vivo,Aparelho hematológico,202606
0208080040,LINFOCINTILOGRAFIA,Procedimentos com finalidade diagnóstica,Diagnóstico por medicina nuclear in vivo,Aparelho hematológico,202606
0208090010,CINTILOGRAFIA DE CORPO INTEIRO C/ GALIO 67 P/ PESQUISA DE NEOPLASIAS,Procedimentos com finalidade diagnóstica,Diagnóstico por medicina nuclear in vivo,Outros métodos de diagnóstico em medicina nuclear in vivo,202606
0208090029,CINTILOGRAFIA DE GLANDULA LACRIMAL (DACRIOCINTILOGRAFIA),Procedimentos com finalidade diagnóstica,Diagnóstico por medicina nuclear in vivo,Outros métodos de diagnóstico em medicina nuclear in vivo,202606
0208090037,CINTILOGRAFIA DE MAMA (BILATERAL),Procedimentos com finalidade diagnóstica,Diagnóstico por medicina nuclear in vivo,Outros métodos de diagnóstico em medicina nuclear in vivo,202606
0209010010,COLANGIOPANCREATOGRAFIA RETROGRADA (VIA ENDOSCÓPICA),Procedimentos com finalidade diagnóstica,Diagnóstico por endoscopia,Aparelho digestivo,202606
0209010029,COLONOSCOPIA (COLOSCOPIA),Procedimentos com finalidade diagnóstica,Diagnóstico por endoscopia,Aparelho digestivo,202606
0209010037,ESOFAGOGASTRODUODENOSCOPIA,Procedimentos com finalidade diagnóstica,Diagnóstico por endoscopia,Aparelho digestivo,202606
0209010045,LAPAROSCOPIA,Procedimentos com finalidade diagnóstica,Diagnóstico por endoscopia,Aparelho digestivo,202606
0209010053,RETOSSIGMOIDOSCOPIA,Procedimentos com finalidade diagnóstica,Diagnóstico por endoscopia,Aparelho digestivo,202606
0209010061,VIDEOLAPAROSCOPIA,Procedimentos com finalidade diagnóstica,Diagnóstico por endoscopia,Aparelho digestivo,202606
0209020016,CISTOSCOPIA E/OU URETEROSCOPIA E/OU URETROSCOPIA,Procedimentos com finalidade diagnóstica,Diagnóstico por endoscopia,Aparelho urinário,202606
0209030011,HISTEROSCOPIA CIRÚRGICA,Procedimentos com finalidade diagnóstica,Diagnóstico por endoscopia,Aparelho ginecológico,202606
0209040017,BRONCOSCOPIA (BRONCOFIBROSCOPIA),Procedimentos com finalidade diagnóstica,Diagnóstico por endoscopia,Aparelho respiratório,202606
0209040025,LARINGOSCOPIA,Procedimentos com finalidade diagnóstica,Diagnóstico por endoscopia,Aparelho respiratório,202606
0209040033,TRAQUEOSCOPIA,Procedimentos com finalidade diagnóstica,Diagnóstico por endoscopia,Aparelho respiratório,202606
0209040041,VIDEOLARINGOSCOPIA,Procedimentos com finalidade diagnóstica,Diagnóstico por endoscopia,Aparelho respiratório,202606
0209040050,VIDEOTORACOSCOPIA,Procedimentos com finalidade diagnóstica,Diagnóstico por endoscopia,Aparelho respiratório,202606
0210010010,ANGIOGRAFIA CEREBRAL (4 VASOS),Procedimentos com finalidade diagnóstica,Diagnóstico por radiologia intervencionista,Exames radiológicos de vasos sangüíneos e linfáticos,202606
0210010029,ANGIOGRAFIA DE ARCO AÓRTICO,Procedimentos com finalidade diagnóstica,Diagnóstico por radiologia intervencionista,Exames radiológicos de vasos sangüíneos e linfáticos,202606
0210010037,ANGIOGRAFIA DE ARCO AORTICO E TRONCOS SUPRA-AORTICOS,Procedimentos com finalidade diagnóstica,Diagnóstico por radiologia intervencionista,Exames radiológicos de vasos sangüíneos e linfáticos,202606
0210010045,AORTOGRAFIA ABDOMINAL,Procedimentos com finalidade diagnóstica,Diagnóstico por radiologia intervencionista,Exames radiológicos de vasos sangüíneos e linfáticos,202606
0210010053,AORTOGRAFIA TORACICA,Procedimentos com finalidade diagnóstica,Diagnóstico por radiologia intervencionista,Exames radiológicos de vasos sangüíneos e linfáticos,202606
0210010061,ARTERIOGRAFIA CERVICO-TORACICA,Procedimentos com finalidade diagnóstica,Diagnóstico por radiologia intervencionista,Exames radiológicos de vasos sangüíneos e linfáticos,202606
0210010070,ARTERIOGRAFIA DE MEMBRO,Procedimentos com finalidade diagnóstica,Diagnóstico por radiologia intervencionista,Exames radiológicos de vasos sangüíneos e linfáticos,202606
0210010088,ARTERIOGRAFIA DIGITAL (POR VIA VENOSA),Procedimentos com finalidade diagnóstica,Diagnóstico por radiologia intervencionista,Exames radiológicos de vasos sangüíneos e linfáticos,202606
0210010096,ARTERIOGRAFIA P/ INVESTIGACAO DE DOENCA ARTERIOSCLEROTICA AORTO-ILIACA E DISTAL,Procedimentos com finalidade diagnóstica,Diagnóstico por radiologia intervencionista,Exames radiológicos de vasos sangüíneos e linfáticos,202606
0210010100,ARTERIOGRAFIA P/ INVESTIGACAO DE HEMORRAGIA CEREBRAL,Procedimentos com finalidade diagnóstica,Diagnóstico por radiologia intervencionista,Exames radiológicos de vasos sangüíneos e linfáticos,202606
0210010118,ARTERIOGRAFIA P/ INVESTIGACAO DE ISQUEMIA CEREBRAL,Procedimentos com finalidade diagnóstica,Diagnóstico por radiologia intervencionista,Exames radiológicos de vasos sangüíneos e linfáticos,202606
0210010126,ARTERIOGRAFIA PELVICA,Procedimentos com finalidade diagnóstica,Diagnóstico por radiologia intervencionista,Exames radiológicos de vasos sangüíneos e linfáticos,202606
0210010134,ARTERIOGRAFIA SELETIVA DE CAROTIDA,Procedimentos com finalidade diagnóstica,Diagnóstico por radiologia intervencionista,Exames radiológicos de vasos sangüíneos e linfáticos,202606
0210010142,ARTERIOGRAFIA SELETIVA POR CATETER (POR VASO),Procedimentos com finalidade diagnóstica,Diagnóstico por radiologia intervencionista,Exames radiológicos de vasos sangüíneos e linfáticos,202606
0210010150,ARTERIOGRAFIA SELETIVA VERTEBRAL,Procedimentos com finalidade diagnóstica,Diagnóstico por radiologia intervencionista,Exames radiológicos de vasos sangüíneos e linfáticos,202606
0210010169,ESPLENOPORTOGRAFIA,Procedimentos com finalidade diagnóstica,Diagnóstico por radiologia intervencionista,Exames radiológicos de vasos sangüíneos e linfáticos,202606
0210010177,FLEBOGRAFIA DE MEMBRO,Procedimentos com finalidade diagnóstica,Diagnóstico por radiologia intervencionista,Exames radiológicos de vasos sangüíneos e linfáticos,202606
0210010185,FLEBOGRAFIA DE CAVA INFERIOR E/OU SUPERIOR,Procedimentos com finalidade diagnóstica,Diagnóstico por radiologia intervencionista,Exames radiológicos de vasos sangüíneos e linfáticos,202606
0210010193,LINFANGIOADENOGRAFIA,Procedimentos com finalidade diagnóstica,Diagnóstico por radiologia intervencionista,Exames radiológicos de vasos sangüíneos e linfáticos,202606
0210010207,PORTOGRAFIA TRANS-HEPATICA,Procedimentos com finalidade diagnóstica,Diagnóstico por radiologia intervencionista,Exames radiológicos de vasos sangüíneos e linfáticos,202606
0210020016,COLANGIOGRAFIA TRANSCUTANEA,Procedimentos com finalidade diagnóstica,Diagnóstico por radiologia intervencionista,Vias biliares,202606
0211010014,CAPILAROSCOPIA,Procedimentos com finalidade diagnóstica,Métodos diagnósticos em especialidades,Diagnóstico em angiologia,202606
0211010022,INVESTIGACAO ULTRASSONICA (PLETISMOGRAFIA),Procedimentos com finalidade diagnóstica,Métodos diagnósticos em especialidades,Diagnóstico em angiologia,202606
0211010030,OSCILOMETRIA DE IMPULSO,Procedimentos com finalidade diagnóstica,Métodos diagnósticos em especialidades,Diagnóstico em angiologia,202606
0211010049,PLETISMOGRAFIA (POR LATERALIDADE / TERRITORIO),Procedimentos com finalidade diagnóstica,Métodos diagnósticos em especialidades,Diagnóstico em angiologia,202606
0211020010,CATETERISMO CARDIACO,Procedimentos com finalidade diagnóstica,Métodos diagnósticos em especialidades,Diagnóstico em cardiologia,202606
0211020028,CATETERISMO CARDIACO EM PEDIATRIA,Procedimentos com finalidade diagnóstica,Métodos diagnósticos em especialidades,Diagnóstico em cardiologia,202606
0211020036,ELETROCARDIOGRAMA,Procedimentos com finalidade diagnóstica,Métodos diagnósticos em especialidades,Diagnóstico em cardiologia,202606
0211020044,MONITORAMENTO PELO SISTEMA HOLTER 24 HS (3 CANAIS),Procedimentos com finalidade diagnóstica,Métodos diagnósticos em especialidades,Diagnóstico em cardiologia,202606
0211020052,MONITORIZACAO AMBULATORIAL DE PRESSAO ARTERIAL (M.A.P.A),Procedimentos com finalidade diagnóstica,Métodos diagnósticos em especialidades,Diagnóstico em cardiologia,202606
0211020060,TESTE DE ESFORCO / TESTE ERGOMETRICO,Procedimentos com finalidade diagnóstica,Métodos diagnósticos em especialidades,Diagnóstico em cardiologia,202606
0211020079,OXIMETRIA DE PULSO (TESTE DO CORAÇÃOZINHO),Procedimentos com finalidade diagnóstica,Métodos diagnósticos em especialidades,Diagnóstico em cardiologia,202606
0211020087,REALIZAÇÃO ELETROCARDIOGRAMA EM SERVIÇO DE ATENDIMENTO MÓVEL DE URGÊNCIA,Procedimentos com finalidade diagnóstica,Métodos diagnósticos em especialidades,Diagnóstico em cardiologia,202606
0211020095,TELE-ELETROCARDIOGRAMA SÍNCRONO/LAUDO,Procedimentos com finalidade diagnóstica,Métodos diagnósticos em especialidades,Diagnóstico em cardiologia,202606
0211030015,AVALIACAO CINEMATICA E DE PARAMETROS LINEARES,Procedimentos com finalidade diagnóstica,Métodos diagnósticos em especialidades,Diagnóstico cinético funcional,202606
0211030023,"AVALIACAO CINÉTICA, CINEMÁTICA E DE PARÂMETROS LINEARES",Procedimentos com finalidade diagnóstica,Métodos diagnósticos em especialidades,Diagnóstico cinético funcional,202606
0211030031,AVALIAÇÃO DE EQUILÍBRIO ESTÁTICO EM PLACA DE FORÇA,Procedimentos com finalidade diagnóstica,Métodos diagnósticos em especialidades,Diagnóstico cinético funcional,202606
0211030040,AVALIAÇÃO DE FUNÇÃO E MECÂNICA RESPIRATÓRIA,Procedimentos com finalidade diagnóstica,Métodos diagnósticos em especialidades,Diagnóstico cinético funcional,202606
0211030058,AVALIAÇÃO DE FUNÇÃO E MECÂNICA RESPIRATÓRIA COM TRANSDUTORES MICROPROCESSADOS,Procedimentos com finalidade diagnóstica,Métodos diagnósticos em especialidades,Diagnóstico cinético funcional,202606
0211030066,AVALIAÇÃO DE MOVIMENTO (POR IMAGEM),Procedimentos com finalidade diagnóstica,Métodos diagnósticos em especialidades,Diagnóstico cinético funcional,202606
0211030074,AVALIAÇÃO FUNCIONAL MUSCULAR,Procedimentos com finalidade diagnóstica,Métodos diagnósticos em especialidades,Diagnóstico cinético funcional,202606
0211030082,ELETRODIAGNÓSTICO CINÉTICO FUNCIONAL,Procedimentos com finalidade diagnóstica,Métodos diagnósticos em especialidades,Diagnóstico cinético funcional,202606
0211030090,"ELETROMIOGRAFIA DINÂMICA, AVALIAÇÃO CINÉTICA, CINEMÁTICA E DE PARÂMETROS LINEARES",Procedimentos com finalidade diagnóstica,Métodos diagnósticos em especialidades,Diagnóstico cinético funcional,202606
0211040010,AMNIOSCOPIA,Procedimentos com finalidade diagnóstica,Métodos diagnósticos em especialidades,Diagnóstico em ginecologia-obstetrícia,202606
0211040029,COLPOSCOPIA,Procedimentos com finalidade diagnóstica,Métodos diagnósticos em especialidades,Diagnóstico em ginecologia-obstetrícia,202606
0211040037,EXAME MICROBIOLÓGICO A FRESCO DO CONTEUDO CÉRVICO-VAGINAL,Procedimentos com finalidade diagnóstica,Métodos diagnósticos em especialidades,Diagnóstico em ginecologia-obstetrícia,202606
0211040045,HISTEROSCOPIA (DIAGNOSTICA),Procedimentos com finalidade diagnóstica,Métodos diagnósticos em especialidades,Diagnóstico em ginecologia-obstetrícia,202606
0211040053,PERSUFLAÇÃO TUBARIA (DIAGNÓSTICA),Procedimentos com finalidade diagnóstica,Métodos diagnósticos em especialidades,Diagnóstico em ginecologia-obstetrícia,202606
0211040061,TOCOCARDIOGRAFIA ANTE-PARTO,Procedimentos com finalidade diagnóstica,Métodos diagnósticos em especialidades,Diagnóstico em ginecologia-obstetrícia,202606
0211050024,ELETROENCEFALOGRAFIA EM VIGILIA C/ OU S/ FOTO-ESTIMULO,Procedimentos com finalidade diagnóstica,Métodos diagnósticos em especialidades,Diagnóstico em neurologia,202606
0211050032,ELETROENCEFALOGRAMA EM SONO INDUZIDO C/ OU S/ MEDICAMENTO (EEG),Procedimentos com finalidade diagnóstica,Métodos diagnósticos em especialidades,Diagnóstico em neurologia,202606
0211050040,ELETROENCEFALOGRAMA EM VIGILIA E SONO ESPONTANEO C/ OU S/ FOTOESTIMULO (EEG),Procedimentos com finalidade diagnóstica,Métodos diagnósticos em especialidades,Diagnóstico em neurologia,202606
0211050059,ELETROENCEFALOGRAMA QUANTITATIVO C/ MAPEAMENTO (EEG),Procedimentos com finalidade diagnóstica,Métodos diagnósticos em especialidades,Diagnóstico em neurologia,202606
0211050067,ELETROMIOGRAMA (EMG),Procedimentos com finalidade diagnóstica,Métodos diagnósticos em especialidades,Diagnóstico em neurologia,202606
0211050075,ELETROMIOGRAMA C/ ESTUDO DE FIBRA UNICA,Procedimentos com finalidade diagnóstica,Métodos diagnósticos em especialidades,Diagnóstico em neurologia,202606
0211050083,ELETRONEUROMIOGRAMA (ENMG),Procedimentos com finalidade diagnóstica,Métodos diagnósticos em especialidades,Diagnóstico em neurologia,202606
0211050091,EXPLORACAO DIAGNOSTICA PELO VIDEO-ELETROENCEFALOGRAMA COM OU SEM USO DE ELETRODO DE PROFUNDIDADE,Procedimentos com finalidade diagnóstica,Métodos diagnósticos em especialidades,Diagnóstico em neurologia,202606
0211050105,POLISSONOGRAFIA,Procedimentos com finalidade diagnóstica,Métodos diagnósticos em especialidades,Diagnóstico em neurologia,202606
0211050113,POTENCIAL EVOCADO AUDITIVO,Procedimentos com finalidade diagnóstica,Métodos diagnósticos em especialidades,Diagnóstico em neurologia,202606
0211050121,POTENCIAL EVOCADO VISUAL / OCCIPTO,Procedimentos com finalidade diagnóstica,Métodos diagnósticos em especialidades,Diagnóstico em neurologia,202606
0211050130,POTENCIAL SOMATO-SENSITIVO,Procedimentos com finalidade diagnóstica,Métodos diagnósticos em especialidades,Diagnóstico em neurologia,202606
0211050148,TESTE DE WADA,Procedimentos com finalidade diagnóstica,Métodos diagnósticos em especialidades,Diagnóstico em neurologia,202606
0211050156,VIDEO-ELETROENCEFALOGRAMA C/ REGISTRO PROLONGADO,Procedimentos com finalidade diagnóstica,Métodos diagnósticos em especialidades,Diagnóstico em neurologia,202606
0211060011,BIOMETRIA ULTRASSÔNICA (MONOCULAR),Procedimentos com finalidade diagnóstica,Métodos diagnósticos em especialidades,Diagnóstico em oftalmologia,202606
0211060020,BIOMICROSCOPIA DE FUNDO DE OLHO,Procedimentos com finalidade diagnóstica,Métodos diagnósticos em especialidades,Diagnóstico em oftalmologia,202606
0211060038,CAMPIMETRIA COMPUTADORIZADA OU MANUAL COM GRÁFICO,Procedimentos com finalidade diagnóstica,Métodos diagnósticos em especialidades,Diagnóstico em oftalmologia,202606
0211060054,CERATOMETRIA,Procedimentos com finalidade diagnóstica,Métodos diagnósticos em especialidades,Diagnóstico em oftalmologia,202606
0211060062,CURVA DIARIA DE PRESSAO OCULAR CDPO (MINIMO 3 MEDIDAS),Procedimentos com finalidade diagnóstica,Métodos diagnósticos em especialidades,Diagnóstico em oftalmologia,202606
0211060070,ELETRO-OCULOGRAFIA,Procedimentos com finalidade diagnóstica,Métodos diagnósticos em especialidades,Diagnóstico em oftalmologia,202606
0211060089,ELETRORETINOGRAFIA,Procedimentos com finalidade diagnóstica,Métodos diagnósticos em especialidades,Diagnóstico em oftalmologia,202606
0211060097,ESTESIOMETRIA,Procedimentos com finalidade diagnóstica,Métodos diagnósticos em especialidades,Diagnóstico em oftalmologia,202606
0211060100,FUNDOSCOPIA,Procedimentos com finalidade diagnóstica,Métodos diagnósticos em especialidades,Diagnóstico em oftalmologia,202606
0211060119,GONIOSCOPIA,Procedimentos com finalidade diagnóstica,Métodos diagnósticos em especialidades,Diagnóstico em oftalmologia,202606
0211060127,MAPEAMENTO DE RETINA,Procedimentos com finalidade diagnóstica,Métodos diagnósticos em especialidades,Diagnóstico em oftalmologia,202606
0211060135,MEDIDA DE OFUSCAMENTO E CONTRASTE,Procedimentos com finalidade diagnóstica,Métodos diagnósticos em especialidades,Diagnóstico em oftalmologia,202606
0211060143,MICROSCOPIA ESPECULAR DE CORNEA,Procedimentos com finalidade diagnóstica,Métodos diagnósticos em especialidades,Diagnóstico em oftalmologia,202606
0211060151,POTENCIAL DE ACUIDADE VISUAL,Procedimentos com finalidade diagnóstica,Métodos diagnósticos em especialidades,Diagnóstico em oftalmologia,202606
0211060160,POTENCIAL VISUAL EVOCADO,Procedimentos com finalidade diagnóstica,Métodos diagnósticos em especialidades,Diagnóstico em oftalmologia,202606
0211060178,RETINOGRAFIA COLORIDA BINOCULAR,Procedimentos com finalidade diagnóstica,Métodos diagnósticos em especialidades,Diagnóstico em oftalmologia,202606
0211060186,RETINOGRAFIA FLUORESCENTE BINOCULAR,Procedimentos com finalidade diagnóstica,Métodos diagnósticos em especialidades,Diagnóstico em oftalmologia,202606
0211060208,TESTE DE PROVOCACAO DE GLAUCOMA,Procedimentos com finalidade diagnóstica,Métodos diagnósticos em especialidades,Diagnóstico em oftalmologia,202606
0211060216,TESTE DE SCHIRMER,Procedimentos com finalidade diagnóstica,Métodos diagnósticos em especialidades,Diagnóstico em oftalmologia,202606
0211060224,TESTE DE VISÃO DE CORES,Procedimentos com finalidade diagnóstica,Métodos diagnósticos em especialidades,Diagnóstico em oftalmologia,202606
0211060232,TESTE ORTÓPTICO,Procedimentos com finalidade diagnóstica,Métodos diagnósticos em especialidades,Diagnóstico em oftalmologia,202606
0211060240,TESTE P/ ADAPTACAO DE LENTE DE CONTATO,Procedimentos com finalidade diagnóstica,Métodos diagnósticos em especialidades,Diagnóstico em oftalmologia,202606
0211060259,TONOMETRIA,Procedimentos com finalidade diagnóstica,Métodos diagnósticos em especialidades,Diagnóstico em oftalmologia,202606
0211060267,TOPOGRAFIA COMPUTADORIZADA DE CÓRNEA,Procedimentos com finalidade diagnóstica,Métodos diagnósticos em especialidades,Diagnóstico em oftalmologia,202606
0211060275,TRIAGEM OFTALMOLÓGICA,Procedimentos com finalidade diagnóstica,Métodos diagnósticos em especialidades,Diagnóstico em oftalmologia,202606
0211060283,TOMOGRAFIA DE COERÊNCIA ÓPTICA,Procedimentos com finalidade diagnóstica,Métodos diagnósticos em especialidades,Diagnóstico em oftalmologia,202606
0211070017,ANALISE ACUSTICA DA VOZ POR MEIO DE LABORATORIO DE VOZ,Procedimentos com finalidade diagnóstica,Métodos diagnósticos em especialidades,Diagnóstico em otorrinolaringologia/fonoaudiologia,202606
0211070025,AUDIOMETRIA DE REFORCO VISUAL (VIA AEREA / OSSEA),Procedimentos com finalidade diagnóstica,Métodos diagnósticos em especialidades,Diagnóstico em otorrinolaringologia/fonoaudiologia,202606
0211070033,AUDIOMETRIA EM CAMPO LIVRE,Procedimentos com finalidade diagnóstica,Métodos diagnósticos em especialidades,Diagnóstico em otorrinolaringologia/fonoaudiologia,202606
0211070041,AUDIOMETRIA TONAL LIMIAR (VIA AEREA / OSSEA),Procedimentos com finalidade diagnóstica,Métodos diagnósticos em especialidades,Diagnóstico em otorrinolaringologia/fonoaudiologia,202606
0211070050,AVALIACAO AUDITIVA COMPORTAMENTAL,Procedimentos com finalidade diagnóstica,Métodos diagnósticos em especialidades,Diagnóstico em otorrinolaringologia/fonoaudiologia,202606
0211070068,AVALIACAO DE LINGUAGEM ESCRITA / LEITURA,Procedimentos com finalidade diagnóstica,Métodos diagnósticos em especialidades,Diagnóstico em otorrinolaringologia/fonoaudiologia,202606
0211070076,AVALIACAO DE LINGUAGEM ORAL,Procedimentos com finalidade diagnóstica,Métodos diagnósticos em especialidades,Diagnóstico em otorrinolaringologia/fonoaudiologia,202606
0211070084,AVALIACAO MIOFUNCIONAL DE SISTEMA ESTOMATOGNATICO,Procedimentos com finalidade diagnóstica,Métodos diagnósticos em especialidades,Diagnóstico em otorrinolaringologia/fonoaudiologia,202606
0211070092,AVALIACAO P/ DIAGNOSTICO DE DEFICIENCIA AUDITIVA,Procedimentos com finalidade diagnóstica,Métodos diagnósticos em especialidades,Diagnóstico em otorrinolaringologia/fonoaudiologia,202606
0211070106,AVALIACAO P/ DIAGNOSTICO DIFERENCIAL DE DEFICIENCIA AUDITIVA,Procedimentos com finalidade diagnóstica,Métodos diagnósticos em especialidades,Diagnóstico em otorrinolaringologia/fonoaudiologia,202606
0211070114,AVALIACAO VOCAL,Procedimentos com finalidade diagnóstica,Métodos diagnósticos em especialidades,Diagnóstico em otorrinolaringologia/fonoaudiologia,202606
0211070122,ELETROCOCLEOGRAFIA,Procedimentos com finalidade diagnóstica,Métodos diagnósticos em especialidades,Diagnóstico em otorrinolaringologia/fonoaudiologia,202606
0211070130,ELETROGUSTOMETRIA,Procedimentos com finalidade diagnóstica,Métodos diagnósticos em especialidades,Diagnóstico em otorrinolaringologia/fonoaudiologia,202606
0211070149,EMISSÕES OTOACÚSTICAS EVOCADAS PARA TRIAGEM AUDITIVA (TESTE DA ORELHINHA),Procedimentos com finalidade diagnóstica,Métodos diagnósticos em especialidades,Diagnóstico em otorrinolaringologia/fonoaudiologia,202606
0211070157,ESTUDO DE EMISSOES OTOACUSTICAS EVOCADAS TRANSITORIAS E PRODUTOS DE DISTORCAO (EOA),Procedimentos com finalidade diagnóstica,Métodos diagnósticos em especialidades,Diagnóstico em otorrinolaringologia/fonoaudiologia,202606
0211070165,ESTUDO TOPODIAGNOSTICO DA PARALISIA FACIAL,Procedimentos com finalidade diagnóstica,Métodos diagnósticos em especialidades,Diagnóstico em otorrinolaringologia/fonoaudiologia,202606
0211070173,EXAME DE ORGANIZACAO PERCEPTIVA,Procedimentos com finalidade diagnóstica,Métodos diagnósticos em especialidades,Diagnóstico em otorrinolaringologia/fonoaudiologia,202606
0211070181,EXAME NEUROPSICOMOTOR EVOLUTIVO,Procedimentos com finalidade diagnóstica,Métodos diagnósticos em especialidades,Diagnóstico em otorrinolaringologia/fonoaudiologia,202606
0211070190,GUSTOMETRIA,Procedimentos com finalidade diagnóstica,Métodos diagnósticos em especialidades,Diagnóstico em otorrinolaringologia/fonoaudiologia,202606
0211070203,IMITANCIOMETRIA,Procedimentos com finalidade diagnóstica,Métodos diagnósticos em especialidades,Diagnóstico em otorrinolaringologia/fonoaudiologia,202606
0211070211,LOGOAUDIOMETRIA (LDV-IRF-LRF),Procedimentos com finalidade diagnóstica,Métodos diagnósticos em especialidades,Diagnóstico em otorrinolaringologia/fonoaudiologia,202606
0211070220,OLFATOMETRIA,Procedimentos com finalidade diagnóstica,Métodos diagnósticos em especialidades,Diagnóstico em otorrinolaringologia/fonoaudiologia,202606
0211070238,PESQUISA DE FISTULA PERILINFATICA,Procedimentos com finalidade diagnóstica,Métodos diagnósticos em especialidades,Diagnóstico em otorrinolaringologia/fonoaudiologia,202606
0211070246,PESQUISA DE GANHO DE INSERCAO,Procedimentos com finalidade diagnóstica,Métodos diagnósticos em especialidades,Diagnóstico em otorrinolaringologia/fonoaudiologia,202606
0211070254,PESQUISA DE PARES CRANIANOS,Procedimentos com finalidade diagnóstica,Métodos diagnósticos em especialidades,Diagnóstico em otorrinolaringologia/fonoaudiologia,202606
0211070262,POTENCIAL EVOCADO AUDITIVO DE CURTA MEDIA E LONGA LATENCIA,Procedimentos com finalidade diagnóstica,Métodos diagnósticos em especialidades,Diagnóstico em otorrinolaringologia/fonoaudiologia,202606
0211070270,POTENCIAL EVOCADO AUDITIVO PARA TRIAGEM AUDITIVA (TESTE DA ORELHINHA),Procedimentos com finalidade diagnóstica,Métodos diagnósticos em especialidades,Diagnóstico em otorrinolaringologia/fonoaudiologia,202606
0211070289,PROVA DE FUNCAO TUBARIA,Procedimentos com finalidade diagnóstica,Métodos diagnósticos em especialidades,Diagnóstico em otorrinolaringologia/fonoaudiologia,202606
0211070297,REAVALIACAO DIAGNOSTICA DE DEFICIENCIA AUDITIVA EM PACIENTE MAIOR DE 3 ANOS,Procedimentos com finalidade diagnóstica,Métodos diagnósticos em especialidades,Diagnóstico em otorrinolaringologia/fonoaudiologia,202606
0211070300,REAVALIACAO DIAGNOSTICA DE DEFICIENCIA AUDITIVA EM PACIENTE MENOR DE 3 ANOS,Procedimentos com finalidade diagnóstica,Métodos diagnósticos em especialidades,Diagnóstico em otorrinolaringologia/fonoaudiologia,202606
0211070319,SELECAO E VERIFICACAO DE BENEFICIO DO AASI,Procedimentos com finalidade diagnóstica,Métodos diagnósticos em especialidades,Diagnóstico em otorrinolaringologia/fonoaudiologia,202606
0211070327,TESTES ACUMETRICOS (DIAPASAO),Procedimentos com finalidade diagnóstica,Métodos diagnósticos em especialidades,Diagnóstico em otorrinolaringologia/fonoaudiologia,202606
0211070335,TESTES AUDITIVOS SUPRALIMINARES,Procedimentos com finalidade diagnóstica,Métodos diagnósticos em especialidades,Diagnóstico em otorrinolaringologia/fonoaudiologia,202606
0211070343,TESTES DE PROCESSAMENTO AUDITIVO,Procedimentos com finalidade diagnóstica,Métodos diagnósticos em especialidades,Diagnóstico em otorrinolaringologia/fonoaudiologia,202606
0211070351,TESTES VESTIBULARES / OTONEUROLOGICOS,Procedimentos com finalidade diagnóstica,Métodos diagnósticos em especialidades,Diagnóstico em otorrinolaringologia/fonoaudiologia,202606
0211070360,TRIAGEM AUDITIVA DE ESCOLARES,Procedimentos com finalidade diagnóstica,Métodos diagnósticos em especialidades,Diagnóstico em otorrinolaringologia/fonoaudiologia,202606
0211070378,AVALIAÇÃO E SELEÇÃO PRÉ-CIRÚRGICA PARA IMPLANTE COCLEAR,Procedimentos com finalidade diagnóstica,Métodos diagnósticos em especialidades,Diagnóstico em otorrinolaringologia/fonoaudiologia,202606
0211070386,MAPEAMENTO E BALANCEAMENTO DOS ELETRODOS,Procedimentos com finalidade diagnóstica,Métodos diagnósticos em especialidades,Diagnóstico em otorrinolaringologia/fonoaudiologia,202606
0211070394,POTENCIAL EVOCADO ELETRICAMENTE NO SISTEMA AUDITIVO,Procedimentos com finalidade diagnóstica,Métodos diagnósticos em especialidades,Diagnóstico em otorrinolaringologia/fonoaudiologia,202606
0211070408,REFLEXO ESTAPEDIANO ELICIADO ELETRICAMENTE,Procedimentos com finalidade diagnóstica,Métodos diagnósticos em especialidades,Diagnóstico em otorrinolaringologia/fonoaudiologia,202606
0211070416,AVALIAÇÃO E SELEÇÃO PRÉ-CIRÚRGICA PARA PRÓTESE AUDITIVA ANCORADA NO OSSO,Procedimentos com finalidade diagnóstica,Métodos diagnósticos em especialidades,Diagnóstico em otorrinolaringologia/fonoaudiologia,202606
0211070424,EMISSÕES OTOACÚSTICAS EVOCADAS PARA TRIAGEM AUDITIVA (TESTE DA ORELHINHA/RETESTE),Procedimentos com finalidade diagnóstica,Métodos diagnósticos em especialidades,Diagnóstico em otorrinolaringologia/fonoaudiologia,202606
0211070432,POTENCIAL EVOCADO AUDITIVO P/ TRIAGEM AUDITIVA (TESTE DA ORELHINHA/RETESTE),Procedimentos com finalidade diagnóstica,Métodos diagnósticos em especialidades,Diagnóstico em otorrinolaringologia/fonoaudiologia,202606
0211080012,ESPIROGRAFIA C/ DETERMINAÇÃO DO VOLUME RESIDUAL,Procedimentos com finalidade diagnóstica,Métodos diagnósticos em especialidades,Diagnóstico em pneumologia,202606
0211080020,GASOMETRIA,Procedimentos com finalidade diagnóstica,Métodos diagnósticos em especialidades,Diagnóstico em pneumologia,202606
0211080039,GASOMETRIA (APOS EXERCICIO CICLO-ERGOMETRICO),Procedimentos com finalidade diagnóstica,Métodos diagnósticos em especialidades,Diagnóstico em pneumologia,202606
0211080047,GASOMETRIA (APOS OXIGENIO A 100 DURANTE A DIFUSAO ALVEOLO-CAPILAR),Procedimentos com finalidade diagnóstica,Métodos diagnósticos em especialidades,Diagnóstico em pneumologia,202606
0211080055,ESPIROMETRIA OU PROVA DE FUNCAO PULMONAR COMPLETA COM BRONCODILATADOR,Procedimentos com finalidade diagnóstica,Métodos diagnósticos em especialidades,Diagnóstico em pneumologia,202606
0211080063,PROVA DE FUNÇÃO PULMONAR SIMPLES,Procedimentos com finalidade diagnóstica,Métodos diagnósticos em especialidades,Diagnóstico em pneumologia,202606
0211080071,PROVA FARMACODINAMICA,Procedimentos com finalidade diagnóstica,Métodos diagnósticos em especialidades,Diagnóstico em pneumologia,202606
0211080080,TESTE DA CAMINHADA DE 6 MINUTOS,Procedimentos com finalidade diagnóstica,Métodos diagnósticos em especialidades,Diagnóstico em pneumologia,202606
0211090018,AVALIACAO URODINAMICA COMPLETA,Procedimentos com finalidade diagnóstica,Métodos diagnósticos em especialidades,Diagnóstico em urologia,202606
0211090026,CATETERISMO DE URETRA,Procedimentos com finalidade diagnóstica,Métodos diagnósticos em especialidades,Diagnóstico em urologia,202606
0211090034,CISTOMETRIA C/ CISTOMETRO,Procedimentos com finalidade diagnóstica,Métodos diagnósticos em especialidades,Diagnóstico em urologia,202606
0211090042,CISTOMETRIA SIMPLES,Procedimentos com finalidade diagnóstica,Métodos diagnósticos em especialidades,Diagnóstico em urologia,202606
0211090050,DETERMINACAO DE PRESSAO INTRA-ABDOMINAL,Procedimentos com finalidade diagnóstica,Métodos diagnósticos em especialidades,Diagnóstico em urologia,202606
0211090069,PERFIL DE PRESSAO URETRAL,Procedimentos com finalidade diagnóstica,Métodos diagnósticos em especialidades,Diagnóstico em urologia,202606
0211090077,UROFLUXOMETRIA,Procedimentos com finalidade diagnóstica,Métodos diagnósticos em especialidades,Diagnóstico em urologia,202606
0211100013,APLICAÇÃO DE TESTE P/ PSICODIAGNÓSTICO,Procedimentos com finalidade diagnóstica,Métodos diagnósticos em especialidades,Diagnóstico em psicologia-psiquiatria,202606
0212010018,EXAMES IMUNOHEMATOLOGICOS EM DOADOR DE SANGUE,Procedimentos com finalidade diagnóstica,Diagnóstico e procedimentos especiais em hemoterapia,Exames do doador/receptor,202606
0212010026,EXAMES PRE-TRANSFUSIONAIS I,Procedimentos com finalidade diagnóstica,Diagnóstico e procedimentos especiais em hemoterapia,Exames do doador/receptor,202606
0212010034,EXAMES PRE-TRANSFUSIONAIS II,Procedimentos com finalidade diagnóstica,Diagnóstico e procedimentos especiais em hemoterapia,Exames do doador/receptor,202606
0212010042,"FENOTIPAGEM K, FYA, FYB, JKA, JKB EM GEL",Procedimentos com finalidade diagnóstica,Diagnóstico e procedimentos especiais em hemoterapia,Exames do doador/receptor,202606
0212010050,SOROLOGIA DE DOADOR DE SANGUE,Procedimentos com finalidade diagnóstica,Diagnóstico e procedimentos especiais em hemoterapia,Exames do doador/receptor,202606
0212010069,TESTE DO ÁCIDO NUCLEICO (NAT) EM AMOSTRAS DE SANGUE DO DOADOR DE SANGUE.,Procedimentos com finalidade diagnóstica,Diagnóstico e procedimentos especiais em hemoterapia,Exames do doador/receptor,202606
0212020013,DELEUCOCITACAO DE CONCENTRADO DE HEMACIAS,Procedimentos com finalidade diagnóstica,Diagnóstico e procedimentos especiais em hemoterapia,Procedimentos especiais em hemoterápica,202606
0212020021,DELEUCOCITACAO DE CONCENTRADO DE PLAQUETAS,Procedimentos com finalidade diagnóstica,Diagnóstico e procedimentos especiais em hemoterapia,Procedimentos especiais em hemoterápica,202606
0212020030,IRRADIACAO DE SANGUE E COMPONENTES DESTINADOS A TRANSFUSAO,Procedimentos com finalidade diagnóstica,Diagnóstico e procedimentos especiais em hemoterapia,Procedimentos especiais em hemoterápica,202606
0212020048,PREPARO DE COMPONENTES ALIQUOTADOS,Procedimentos com finalidade diagnóstica,Diagnóstico e procedimentos especiais em hemoterapia,Procedimentos especiais em hemoterápica,202606
0212020056,PREPARO DE COMPONENTES LAVADOS,Procedimentos com finalidade diagnóstica,Diagnóstico e procedimentos especiais em hemoterapia,Procedimentos especiais em hemoterápica,202606
0212020064,PROCESSAMENTO DE SANGUE,Procedimentos com finalidade diagnóstica,Diagnóstico e procedimentos especiais em hemoterapia,Procedimentos especiais em hemoterápica,202606
0213010020,ENSAIO IMUNOENZIMÁTICO -TESTE DE ELISA PARA IDENTIFICAÇÃO DE LEPTOSPIRAS (LEPTOSPIROSE),Procedimentos com finalidade diagnóstica,Diagnóstico em vigilância epidemiológica e ambiental,Exames relacionados a doenças e agravos de notificação compulsória,202606
0213010038,ENSAIO IMUNOENZIMATICO-ELISA P/ IDENTIFICAÇÃO DO VÍRUS DA FEBRE DO NILO OCIDENTAL,Procedimentos com finalidade diagnóstica,Diagnóstico em vigilância epidemiológica e ambiental,Exames relacionados a doenças e agravos de notificação compulsória,202606
0213010054,EXAME PARASITOLOGICO DIRETO P/ LEISHMANIAS (LEISHMANIOSE TEGUMENTAR AMERICANA),Procedimentos com finalidade diagnóstica,Diagnóstico em vigilância epidemiológica e ambiental,Exames relacionados a doenças e agravos de notificação compulsória,202606
0213010062,EXAME PARASITOLOGICO DIRETO P/ LEISHMANIA CHAGAS1 (LEISHMANIOSE VISCERAL CANINA),Procedimentos com finalidade diagnóstica,Diagnóstico em vigilância epidemiológica e ambiental,Exames relacionados a doenças e agravos de notificação compulsória,202606
0213010070,EXAME PARASITOLOGICO DIRETO P/ LEISHMANIA CHAGASI (LEISHMANIOSE VISCERAL HUMANA),Procedimentos com finalidade diagnóstica,Diagnóstico em vigilância epidemiológica e ambiental,Exames relacionados a doenças e agravos de notificação compulsória,202606
0213010089,FAGOTIPAGEM P/ IDENTIFICAÇÃO DA SALMONELA TYPHI (FEBRE TIFOIDE),Procedimentos com finalidade diagnóstica,Diagnóstico em vigilância epidemiológica e ambiental,Exames relacionados a doenças e agravos de notificação compulsória,202606
0213010097,HISTOPATOLOGIA P/ IDENTIFICACAO DA HEPATITE A,Procedimentos com finalidade diagnóstica,Diagnóstico em vigilância epidemiológica e ambiental,Exames relacionados a doenças e agravos de notificação compulsória,202606
0213010100,HISTOPATOLOGIA P/ IDENTIFICACAO DA HEPATITE D,Procedimentos com finalidade diagnóstica,Diagnóstico em vigilância epidemiológica e ambiental,Exames relacionados a doenças e agravos de notificação compulsória,202606
0213010119,HISTOPATOLOGIA P/ IDENTIFICAÇÃO DE DENGUE,Procedimentos com finalidade diagnóstica,Diagnóstico em vigilância epidemiológica e ambiental,Exames relacionados a doenças e agravos de notificação compulsória,202606
0213010127,HISTOPATOLOGIA PARA IDENTIFICAÇÃO DE FEBRE AMARELA,Procedimentos com finalidade diagnóstica,Diagnóstico em vigilância epidemiológica e ambiental,Exames relacionados a doenças e agravos de notificação compulsória,202606
0213010135,HISTOPATOLOGIA P/ IDENTIFICACAO DE HEPATITE B,Procedimentos com finalidade diagnóstica,Diagnóstico em vigilância epidemiológica e ambiental,Exames relacionados a doenças e agravos de notificação compulsória,202606
0213010143,HISTOPATOLOGIA P/ IDENTIFICACAO DE HEPATITE C,Procedimentos com finalidade diagnóstica,Diagnóstico em vigilância epidemiológica e ambiental,Exames relacionados a doenças e agravos de notificação compulsória,202606
0213010160,HISTOQUIMICA P/ IDENTIFICACAO DO VIRUS DA HEPATITE A,Procedimentos com finalidade diagnóstica,Diagnóstico em vigilância epidemiológica e ambiental,Exames relacionados a doenças e agravos de notificação compulsória,202606
0213010178,HISTOQUIMICA P/ IDENTIFICACAO DE HEPATITE C,Procedimentos com finalidade diagnóstica,Diagnóstico em vigilância epidemiológica e ambiental,Exames relacionados a doenças e agravos de notificação compulsória,202606
0213010186,IDENTIFICAÇÃO DE VÍRUS DA RAIVA POR RT-PCR,Procedimentos com finalidade diagnóstica,Diagnóstico em vigilância epidemiológica e ambiental,Exames relacionados a doenças e agravos de notificação compulsória,202606
0213010194,IDENTIFICAÇÃO DO HANTAVÍRUS POR RT-PCR (HANTAVIROSE),Procedimentos com finalidade diagnóstica,Diagnóstico em vigilância epidemiológica e ambiental,Exames relacionados a doenças e agravos de notificação compulsória,202606
0213010208,IDENTIFICACAO DO VIRUS DA HEPATITE B POR PCR (QUANTITATIVO),Procedimentos com finalidade diagnóstica,Diagnóstico em vigilância epidemiológica e ambiental,Exames relacionados a doenças e agravos de notificação compulsória,202606
0213010216,IMUNOCROMATOGRAFIA PARA IDENTIFICAÇÃO DE PLASMODIOS (MALARIA),Procedimentos com finalidade diagnóstica,Diagnóstico em vigilância epidemiológica e ambiental,Exames relacionados a doenças e agravos de notificação compulsória,202606
0213010224,IMUNOFLUORESCENCIA DIRETA P/ IDENTIFICACAO DO VIRUS DA INFLUENZA,Procedimentos com finalidade diagnóstica,Diagnóstico em vigilância epidemiológica e ambiental,Exames relacionados a doenças e agravos de notificação compulsória,202606
0213010232,IMUNOFLUORESCENCIA DIRETA PARA IDENTIFICAÇÃO DO VÍRUS DA RAIVA,Procedimentos com finalidade diagnóstica,Diagnóstico em vigilância epidemiológica e ambiental,Exames relacionados a doenças e agravos de notificação compulsória,202606
0213010240,IMUNOFLUORESCENCIA INDIRETA P/ (IDENTIFICACAO DE LEPTOSPIRAS (LEPTOSPIROSE),Procedimentos com finalidade diagnóstica,Diagnóstico em vigilância epidemiológica e ambiental,Exames relacionados a doenças e agravos de notificação compulsória,202606
0213010259,IMUNOFLUORESCENCIA INDIRETA P/ IDENTIFICAÇÃO DA RICKETTSIA RICKTTSII (FEBRE MACULOSA),Procedimentos com finalidade diagnóstica,Diagnóstico em vigilância epidemiológica e ambiental,Exames relacionados a doenças e agravos de notificação compulsória,202606
0213010267,IMUNOFLUORESCENCIA INDIRETA P/ IDENTIFICAÇÃO DE PLASMODIOS (MALARIA),Procedimentos com finalidade diagnóstica,Diagnóstico em vigilância epidemiológica e ambiental,Exames relacionados a doenças e agravos de notificação compulsória,202606
0213010275,IMUNOFLUORESCENCIA INDIRETA P/ IDENTIFICACAO DO SHISTOSSOMA MANSONI,Procedimentos com finalidade diagnóstica,Diagnóstico em vigilância epidemiológica e ambiental,Exames relacionados a doenças e agravos de notificação compulsória,202606
0213010291,IMUNOHISTOQUIMICA P/ IDENTIFICAÇÃO DA RICKETTISIA RICKETTSII (FEBRE MACULOSA),Procedimentos com finalidade diagnóstica,Diagnóstico em vigilância epidemiológica e ambiental,Exames relacionados a doenças e agravos de notificação compulsória,202606
0213010305,IMUNOHISTOQUIMICA P/ IDENTIFICAÇÃO DE LEPTOSPIRAS (LEPTOSPIROSE),Procedimentos com finalidade diagnóstica,Diagnóstico em vigilância epidemiológica e ambiental,Exames relacionados a doenças e agravos de notificação compulsória,202606
0213010321,IMUNOHISTOQUIMICA P/ IDENTIFICAÇÃO DO HANTAVÍRUS (HANTAVIROSE),Procedimentos com finalidade diagnóstica,Diagnóstico em vigilância epidemiológica e ambiental,Exames relacionados a doenças e agravos de notificação compulsória,202606
0213010330,IMUNOHISTOQUIMICA P/ IDENTIFICAÇÃO DO VÍRUS DA DENGUE,Procedimentos com finalidade diagnóstica,Diagnóstico em vigilância epidemiológica e ambiental,Exames relacionados a doenças e agravos de notificação compulsória,202606
0213010348,IMUNOHISTOQUIMICA P/ IDENTIFICAÇÃO DO VIRUS DA FEBRE AMARELA,Procedimentos com finalidade diagnóstica,Diagnóstico em vigilância epidemiológica e ambiental,Exames relacionados a doenças e agravos de notificação compulsória,202606
0213010356,IMUNOHISTOQUIMICA P/ IDENTIFICACAO DO VIRUS DA HEPATITE B,Procedimentos com finalidade diagnóstica,Diagnóstico em vigilância epidemiológica e ambiental,Exames relacionados a doenças e agravos de notificação compulsória,202606
0213010364,IMUNOHISTOQUIMICA P/ IDENTIFICACAO DO VIRUS DA HEPATITE D,Procedimentos com finalidade diagnóstica,Diagnóstico em vigilância epidemiológica e ambiental,Exames relacionados a doenças e agravos de notificação compulsória,202606
0213010372,ISOLAMENTO DA RICKETTSIA RICKTTSII (FEBRE MACULOSA),Procedimentos com finalidade diagnóstica,Diagnóstico em vigilância epidemiológica e ambiental,Exames relacionados a doenças e agravos de notificação compulsória,202606
0213010380,ISOLAMENTO DO VÍRUS DA DENGUE,Procedimentos com finalidade diagnóstica,Diagnóstico em vigilância epidemiológica e ambiental,Exames relacionados a doenças e agravos de notificação compulsória,202606
0213010399,ISOLAMENTO DO VIRUS DA FEBRE DO NILO OCIDENTAL,Procedimentos com finalidade diagnóstica,Diagnóstico em vigilância epidemiológica e ambiental,Exames relacionados a doenças e agravos de notificação compulsória,202606
0213010402,ISOLAMENTO DO VIRUS DA INFLUENZA,Procedimentos com finalidade diagnóstica,Diagnóstico em vigilância epidemiológica e ambiental,Exames relacionados a doenças e agravos de notificação compulsória,202606
0213010410,ISOLAMENTO DO VIRUS DA MENINGITE VIRAL,Procedimentos com finalidade diagnóstica,Diagnóstico em vigilância epidemiológica e ambiental,Exames relacionados a doenças e agravos de notificação compulsória,202606
0213010429,ISOLAMENTO DO VIRUS DA POLIOMIELITE,Procedimentos com finalidade diagnóstica,Diagnóstico em vigilância epidemiológica e ambiental,Exames relacionados a doenças e agravos de notificação compulsória,202606
0213010437,ISOLAMENTO DO VIRUS DA RAIVA,Procedimentos com finalidade diagnóstica,Diagnóstico em vigilância epidemiológica e ambiental,Exames relacionados a doenças e agravos de notificação compulsória,202606
0213010445,ISOLAMENTO DO VIRUS DO SARAMPO,Procedimentos com finalidade diagnóstica,Diagnóstico em vigilância epidemiológica e ambiental,Exames relacionados a doenças e agravos de notificação compulsória,202606
0213010453,MICRO-AGLUTINACAO PARA IDENTIFICAÇÃO DE LEPTOSPIRAS (LEPTOSPIROSE),Procedimentos com finalidade diagnóstica,Diagnóstico em vigilância epidemiológica e ambiental,Exames relacionados a doenças e agravos de notificação compulsória,202606
0213010461,PESQUISA DE TRIPANOSSOMAS (NO BARBEIRO),Procedimentos com finalidade diagnóstica,Diagnóstico em vigilância epidemiológica e ambiental,Exames relacionados a doenças e agravos de notificação compulsória,202606
0213010470,PROVA BIOLOGICA PARA IDENTIFICAÇÃO DO VÍRUS DA RAIVA,Procedimentos com finalidade diagnóstica,Diagnóstico em vigilância epidemiológica e ambiental,Exames relacionados a doenças e agravos de notificação compulsória,202606
0213010488,PROVA CONTRA-IMUNOELETROFORESE PARA MENINGOCOCOS (MENINGITE BACTERIANA),Procedimentos com finalidade diagnóstica,Diagnóstico em vigilância epidemiológica e ambiental,Exames relacionados a doenças e agravos de notificação compulsória,202606
0213010496,PROVA DE TOXIGENICIDADE P/ BACILO DIFTERICO (IN VITRO),Procedimentos com finalidade diagnóstica,Diagnóstico em vigilância epidemiológica e ambiental,Exames relacionados a doenças e agravos de notificação compulsória,202606
0213010500,QUANTIFICACAO DA CARGA VIRAL DO HIV (RNA),Procedimentos com finalidade diagnóstica,Diagnóstico em vigilância epidemiológica e ambiental,Exames relacionados a doenças e agravos de notificação compulsória,202606
0213010518,SEQUENCIAMENTO P/ IDENTIFICACAO DO VIRUS DA MENINGITE VIRAL,Procedimentos com finalidade diagnóstica,Diagnóstico em vigilância epidemiológica e ambiental,Exames relacionados a doenças e agravos de notificação compulsória,202606
0213010526,SEQUENCIAMENTO P/ IDENTIFICACAO DO VIRUS DA POLIOMIELITE,Procedimentos com finalidade diagnóstica,Diagnóstico em vigilância epidemiológica e ambiental,Exames relacionados a doenças e agravos de notificação compulsória,202606
0213010534,SEQUENCIAMENTO P/ IDENTIFICAÇÃO DO VÍRUS DO SARAMPO,Procedimentos com finalidade diagnóstica,Diagnóstico em vigilância epidemiológica e ambiental,Exames relacionados a doenças e agravos de notificação compulsória,202606
0213010542,GENOTIPAGEM DO VIRUS DA HEPATITE C (HCV),Procedimentos com finalidade diagnóstica,Diagnóstico em vigilância epidemiológica e ambiental,Exames relacionados a doenças e agravos de notificação compulsória,202606
0213010550,SOROLOGIA P/ IDENTIFICACAO DO VIBRIO CHOLERAE,Procedimentos com finalidade diagnóstica,Diagnóstico em vigilância epidemiológica e ambiental,Exames relacionados a doenças e agravos de notificação compulsória,202606
0213010569,TESTE DE ELISA IGG PARA IDENTIFICAÇÃO DE PARVOVIRUS (PARVOVIROSE),Procedimentos com finalidade diagnóstica,Diagnóstico em vigilância epidemiológica e ambiental,Exames relacionados a doenças e agravos de notificação compulsória,202606
0213010577,TESTE DE ELISA IGG P/ IDENTIFICACAO DO TOXOPLASMA GONDII (TOXOPLASMOSE),Procedimentos com finalidade diagnóstica,Diagnóstico em vigilância epidemiológica e ambiental,Exames relacionados a doenças e agravos de notificação compulsória,202606
0213010585,TESTE DE ELISA IGG PARA IDENTIFICAÇÃO DO VÍRUS DO SARAMPO,Procedimentos com finalidade diagnóstica,Diagnóstico em vigilância epidemiológica e ambiental,Exames relacionados a doenças e agravos de notificação compulsória,202606
0213010607,TESTE DE ELISA IGM P/ IDENTIFICAÇÃO DO PARVOVIRUS (PARVOVIROSE),Procedimentos com finalidade diagnóstica,Diagnóstico em vigilância epidemiológica e ambiental,Exames relacionados a doenças e agravos de notificação compulsória,202606
0213010615,TESTE DE ELISA IGM PARA IDENTIFICAÇÃO DO VÍRUS DO SARAMPO,Procedimentos com finalidade diagnóstica,Diagnóstico em vigilância epidemiológica e ambiental,Exames relacionados a doenças e agravos de notificação compulsória,202606
0213010623,TESTE DE ELISA P/ IDENTIFICACAO DO VIRUS DA FEBRE AMARELA (ENSAIO IMUNOENZIMATICO),Procedimentos com finalidade diagnóstica,Diagnóstico em vigilância epidemiológica e ambiental,Exames relacionados a doenças e agravos de notificação compulsória,202606
0213010631,TESTE DE HEMAGLUTINACAO INDIRETA P/ IDENTIFICACAO DO VIRUS DA INFLUENZA,Procedimentos com finalidade diagnóstica,Diagnóstico em vigilância epidemiológica e ambiental,Exames relacionados a doenças e agravos de notificação compulsória,202606
0213010640,TESTE DE HEMAGLUTINAÇÃO PARA IDENTIFICAÇÃO DA PASTEURELLA PESTIS (PESTE BUBONICA),Procedimentos com finalidade diagnóstica,Diagnóstico em vigilância epidemiológica e ambiental,Exames relacionados a doenças e agravos de notificação compulsória,202606
0213010658,TESTE DE HEMAGLUTINAÇÃO PARA IDENTIFICAÇÃO DO VÍRUS DA FEBRE AMARELA,Procedimentos com finalidade diagnóstica,Diagnóstico em vigilância epidemiológica e ambiental,Exames relacionados a doenças e agravos de notificação compulsória,202606
0213010666,TESTE DE HEMAGLUTINAÇÃO PARA IDENTIFICAÇÃO DO VÍRUS DA FEBRE DO NILO OCIDENTAL,Procedimentos com finalidade diagnóstica,Diagnóstico em vigilância epidemiológica e ambiental,Exames relacionados a doenças e agravos de notificação compulsória,202606
0213010674,TESTE DE HIBRIDIZAÇÃO IN SITU PARA IDENTIFICAÇÃO DO VÍRUS DA DENGUE,Procedimentos com finalidade diagnóstica,Diagnóstico em vigilância epidemiológica e ambiental,Exames relacionados a doenças e agravos de notificação compulsória,202606
0213010682,TESTE DE NEUTRALIZACAO P/ IDENTIFICACAO DO VIRUS DA FEBRE AMARELA,Procedimentos com finalidade diagnóstica,Diagnóstico em vigilância epidemiológica e ambiental,Exames relacionados a doenças e agravos de notificação compulsória,202606
0213010690,TESTE DE SENSIBITESTE DE SENSIBILIDADE EM MEIO LÍQUIDO AUTOMATIZADO PARA OS FÁRMACOS CONTRA MICOBACTÉRIAS.,Procedimentos com finalidade diagnóstica,Diagnóstico em vigilância epidemiológica e ambiental,Exames relacionados a doenças e agravos de notificação compulsória,202606
0213010704,TESTE DE SORONEUTRALIZACAO P/ IDENTIFICACAO DO VIRUS DA RAIVA,Procedimentos com finalidade diagnóstica,Diagnóstico em vigilância epidemiológica e ambiental,Exames relacionados a doenças e agravos de notificação compulsória,202606
0213010720,PESQUISA DE SARS-COV-2 POR RT - PCR,Procedimentos com finalidade diagnóstica,Diagnóstico em vigilância epidemiológica e ambiental,Exames relacionados a doenças e agravos de notificação compulsória,202606
0213010739,TESTE DE BIOLOGIA MOLECULAR PARA HANSENÍASE.,Procedimentos com finalidade diagnóstica,Diagnóstico em vigilância epidemiológica e ambiental,Exames relacionados a doenças e agravos de notificação compulsória,202606
0213010747,TESTE DE RESISTÊNCIA ANTIMICROBIANA PARA HANSENÍASE.,Procedimentos com finalidade diagnóstica,Diagnóstico em vigilância epidemiológica e ambiental,Exames relacionados a doenças e agravos de notificação compulsória,202606
0213010755,TESTE DE HIBRIDIZAÇÃO DE SONDA EM LINHA DE 1ª LINHA PARA TUBERCULOSE (LPA),Procedimentos com finalidade diagnóstica,Diagnóstico em vigilância epidemiológica e ambiental,Exames relacionados a doenças e agravos de notificação compulsória,202606
0213010763,TESTE DE HIBRIDIZAÇÃO DE SONDA EM LINHA DE 2ª LINHA PARA TUBERCULOSE (LPA),Procedimentos com finalidade diagnóstica,Diagnóstico em vigilância epidemiológica e ambiental,Exames relacionados a doenças e agravos de notificação compulsória,202606
0213010771,TESTE MOLECULAR PARA A DETECÇÃO DE HIV-2,Procedimentos com finalidade diagnóstica,Diagnóstico em vigilância epidemiológica e ambiental,Exames relacionados a doenças e agravos de notificação compulsória,202606
0213010780,DETECÇÃO RÁPIDA DA CARGA VIRAL DO HIV,Procedimentos com finalidade diagnóstica,Diagnóstico em vigilância epidemiológica e ambiental,Exames relacionados a doenças e agravos de notificação compulsória,202606
0213010798,DETECÇÃO RÁPIDA DA CARGA VIRAL DO HBV,Procedimentos com finalidade diagnóstica,Diagnóstico em vigilância epidemiológica e ambiental,Exames relacionados a doenças e agravos de notificação compulsória,202606
0213010801,DETECÇÃO RÁPIDA DA CARGA VIRAL DO HCV,Procedimentos com finalidade diagnóstica,Diagnóstico em vigilância epidemiológica e ambiental,Exames relacionados a doenças e agravos de notificação compulsória,202606
0213010810,CONTAGEM RÁPIDA DE LINFÓCITOS CD4,Procedimentos com finalidade diagnóstica,Diagnóstico em vigilância epidemiológica e ambiental,Exames relacionados a doenças e agravos de notificação compulsória,202606
0213010828,CULTURA LÍQUIDA AUTOMATIZADA PARA MICOBACTÉRIAS,Procedimentos com finalidade diagnóstica,Diagnóstico em vigilância epidemiológica e ambiental,Exames relacionados a doenças e agravos de notificação compulsória,202606
0213010836,DETECÇÃO RÁPIDA DE CLAMÍDIA E GONOCOCO,Procedimentos com finalidade diagnóstica,Diagnóstico em vigilância epidemiológica e ambiental,Exames relacionados a doenças e agravos de notificação compulsória,202606
0213020017,ANALISE DE BACTERIAS PATOGENICAS EM AGUA,Procedimentos com finalidade diagnóstica,Diagnóstico em vigilância epidemiológica e ambiental,Exames relacionados ao meio ambiente,202606
0213020025,ANALISE DE BACTERIAS PATOGENICAS EM SOLO,Procedimentos com finalidade diagnóstica,Diagnóstico em vigilância epidemiológica e ambiental,Exames relacionados ao meio ambiente,202606
0213020033,ANALISE DE COLIFORMES E BACTERIAS HETEROTROFICAS EM AGUA,Procedimentos com finalidade diagnóstica,Diagnóstico em vigilância epidemiológica e ambiental,Exames relacionados ao meio ambiente,202606
0213020041,ANALISE DE METAIS PESADOS,Procedimentos com finalidade diagnóstica,Diagnóstico em vigilância epidemiológica e ambiental,Exames relacionados ao meio ambiente,202606
0213020050,ANALISE DE RESIDUOS DE PESTICIDAS,Procedimentos com finalidade diagnóstica,Diagnóstico em vigilância epidemiológica e ambiental,Exames relacionados ao meio ambiente,202606
0213020068,ANALISE FISICO-QUIMICA DE AGUA,Procedimentos com finalidade diagnóstica,Diagnóstico em vigilância epidemiológica e ambiental,Exames relacionados ao meio ambiente,202606
0213020076,CULTURA PARA IDENTIFICAÇÃO DO VIBRIO CHOLERAE EM ANÁLISE DE ÁGUA,Procedimentos com finalidade diagnóstica,Diagnóstico em vigilância epidemiológica e ambiental,Exames relacionados ao meio ambiente,202606
0213020084,CULTURA P/ IDENTIFICACAO DO VIBRIO CHOLERAE EM ANALISE DE ALIMENTOS,Procedimentos com finalidade diagnóstica,Diagnóstico em vigilância epidemiológica e ambiental,Exames relacionados ao meio ambiente,202606
0214010015,GLICEMIA CAPILAR,Procedimentos com finalidade diagnóstica,Diagnóstico por teste rápido,Teste realizado fora da estrutura de laboratório,202606
0214010023,PESQUISA DE CORPOS CETONICOS NA URINA,Procedimentos com finalidade diagnóstica,Diagnóstico por teste rápido,Teste realizado fora da estrutura de laboratório,202606
0214010031,PESQUISA DE GLICOSE NA URINA,Procedimentos com finalidade diagnóstica,Diagnóstico por teste rápido,Teste realizado fora da estrutura de laboratório,202606
0214010058,"TESTE RÁPIDO PARA DETECÇÃO DE ANTICORPOS ANTI-HIV PARAPOPULAÇÃO GERAL (EXCETO GESTANTE, PARCEIRO OU PARCERIA)",Procedimentos com finalidade diagnóstica,Diagnóstico por teste rápido,Teste realizado fora da estrutura de laboratório,202606
0214010066,TESTE RÁPIDO DE GRAVIDEZ,Procedimentos com finalidade diagnóstica,Diagnóstico por teste rápido,Teste realizado fora da estrutura de laboratório,202606
0214010074,"TESTE RÁPIDO TREPONÊMICO (SÍFILIS) PARA POPULAÇÃO GERAL(EXCETO GESTANTE, PARCEIRO OU PARCERIA)",Procedimentos com finalidade diagnóstica,Diagnóstico por teste rápido,Teste realizado fora da estrutura de laboratório,202606
0214010112,TESTE RÁPIDO PARA VÍRUS ZIKA IGG/IGM,Procedimentos com finalidade diagnóstica,Diagnóstico por teste rápido,Teste realizado fora da estrutura de laboratório,202606
0214010120,TESTE RÁPIDO PARA DENGUE IGG/IGM,Procedimentos com finalidade diagnóstica,Diagnóstico por teste rápido,Teste realizado fora da estrutura de laboratório,202606
0214010139,TESTE RÁPIDO PARA FEBRE CHIKUNGUNYA IGM,Procedimentos com finalidade diagnóstica,Diagnóstico por teste rápido,Teste realizado fora da estrutura de laboratório,202606
0214010147,TESTE RÁPIDO DE DENGUE NS1,Procedimentos com finalidade diagnóstica,Diagnóstico por teste rápido,Teste realizado fora da estrutura de laboratório,202606
0214010155,TESTE RÁPIDO DE PROTEINÚRIA,Procedimentos com finalidade diagnóstica,Diagnóstico por teste rápido,Teste realizado fora da estrutura de laboratório,202606
0214010163,TESTE RÁPIDO PARA DETECÇÃO DE SARS-COVID-2,Procedimentos com finalidade diagnóstica,Diagnóstico por teste rápido,Teste realizado fora da estrutura de laboratório,202606
0214010171,TESTE RÁPIDO PARA AVALIAÇÂO DE CONTATOS DE HANSENIASE,Procedimentos com finalidade diagnóstica,Diagnóstico por teste rápido,Teste realizado fora da estrutura de laboratório,202606
0214010180,TESTE RÁPIDO PARA MALÁRIA,Procedimentos com finalidade diagnóstica,Diagnóstico por teste rápido,Teste realizado fora da estrutura de laboratório,202606
0214010198,TESTE RÁPIDO LF-LAM PARA TUBERCULOSE,Procedimentos com finalidade diagnóstica,Diagnóstico por teste rápido,Teste realizado fora da estrutura de laboratório,202606
0214010201,"TESTE IMUNOCROMATOGRÁFICO RÁPIDO PARA DETECÇÃO DE ANTICORPOS EM AMOSTRAS HUMANAS DE SANGUE TOTAL, SORO OU PLASMA PARA O DIAGNÓSTICO DA LVH..",Procedimentos com finalidade diagnóstica,Diagnóstico por teste rápido,Teste realizado fora da estrutura de laboratório,202606
0214010210,TESTE RÁPIDO CRAG PARA CRIPTOCOCOSE,Procedimentos com finalidade diagnóstica,Diagnóstico por teste rápido,Teste realizado fora da estrutura de laboratório,202606
0214010228,"TESTE RÁPIDO PARA DETECÇÃO DO ANTÍGENO DE SUPERFÍCIE DO VÍRUS DA HEPATITE B - HBV (HBSAG) PARA POPULAÇÃO GERAL (EXCETO GESTANTE, PARCEIRO OU PARCERIA)",Procedimentos com finalidade diagnóstica,Diagnóstico por teste rápido,Teste realizado fora da estrutura de laboratório,202606
0214010236,TESTE RÁPIDO PARA DETECÇÃO DO ANTÍGENO DE SUPERFÍCIE DO VÍRUS DA HEPATITE B - HBV (HBSAG) EM GESTANTE,Procedimentos com finalidade diagnóstica,Diagnóstico por teste rápido,Teste realizado fora da estrutura de laboratório,202606
0214010244,TESTE RÁPIDO PARA DETECÇÃO DO ANTÍGENO DE SUPERFÍCIE DO VÍRUS DA HEPATITE B (HBV) (HBSAG) EM PARCEIRO OU PARCERIA DE GESTANTE,Procedimentos com finalidade diagnóstica,Diagnóstico por teste rápido,Teste realizado fora da estrutura de laboratório,202606
0214010252,TESTE RÁPIDO TREPONÊMICO (SÍFILIS) EM GESTANTE,Procedimentos com finalidade diagnóstica,Diagnóstico por teste rápido,Teste realizado fora da estrutura de laboratório,202606
0214010260,TESTE RÁPIDO TREPONÊMICO (SÍFILIS) EM PARCEIRO OU PARCERIA DE GESTANTE,Procedimentos com finalidade diagnóstica,Diagnóstico por teste rápido,Teste realizado fora da estrutura de laboratório,202606
0214010279,TESTE RÁPIDO PARA DETECÇÃO DE ANTICORPOS ANTI-HIV EM GESTANTE,Procedimentos com finalidade diagnóstica,Diagnóstico por teste rápido,Teste realizado fora da estrutura de laboratório,202606
0214010287,TESTE RÁPIDO PARA DETECÇÃO DE ANTICORPOS ANTI-HIV EM PARCEIRO OU PARCERIA DE GESTANTE,Procedimentos com finalidade diagnóstica,Diagnóstico por teste rápido,Teste realizado fora da estrutura de laboratório,202606
0214010295,"TESTE RÁPIDO PARA DETECÇÃO DE ANTICORPOS CONTRA O VÍRUS DA HEPATITE C PARA POPULAÇÃO GERAL (EXCETO GESTANTE, PARCEIRO OU PARCERIA)",Procedimentos com finalidade diagnóstica,Diagnóstico por teste rápido,Teste realizado fora da estrutura de laboratório,202606
0214010309,TESTE RÁPIDO PARA DETECÇÃO DE ANTICORPOS CONTRA O VÍRUS DA HEPATITE C EM GESTANTE,Procedimentos com finalidade diagnóstica,Diagnóstico por teste rápido,Teste realizado fora da estrutura de laboratório,202606
0214010317,TESTE RÁPIDO PARA DETECÇÃO DE ANTICORPOS CONTRA O VÍRUS DA HEPATITE C EM PARCEIRO OU PARCERIA DE GESTANTE,Procedimentos com finalidade diagnóstica,Diagnóstico por teste rápido,Teste realizado fora da estrutura de laboratório,202606
